# This file uses centimeters as units for non-parametric coordinates.

mtllib Wild West Cart.mtl
v -8.550603 -0.039840 -1.457329
v -7.012141 -0.039840 -1.457329
v -5.473679 -0.039840 -1.457329
v -3.935217 -0.039840 -1.457329
v -2.396756 -0.039840 -1.457329
v -0.858294 -0.039840 -1.457329
v 0.680167 -0.039840 -1.457329
v 2.218629 -0.039840 -1.457329
v 3.757091 -0.039840 -1.457329
v 5.295552 -0.039840 -1.457329
v 6.834014 -0.039840 -1.457329
v 8.372475 -0.039840 -1.457329
v -8.550603 0.460160 -1.457329
v -7.012141 0.460160 -1.457329
v -5.473679 0.460160 -1.457329
v -3.935217 0.460160 -1.457329
v -2.396756 0.460160 -1.457329
v -0.858294 0.460160 -1.457329
v 0.680167 0.460160 -1.457329
v 2.218629 0.460160 -1.457329
v 3.757091 0.460160 -1.457329
v 5.295552 0.460160 -1.457329
v 6.834014 0.460160 -1.457329
v 8.372475 0.460160 -1.457329
v -8.607924 0.460160 -7.242676
v -8.550603 0.402840 -7.299996
v -7.012141 0.402840 -7.299996
v -6.954821 0.460160 -7.242676
v -5.530999 0.460160 -6.746567
v -5.473679 0.402840 -6.803887
v -3.935217 0.402840 -6.803887
v -3.877897 0.460160 -6.746567
v -2.454076 0.460160 -7.482066
v -2.396756 0.402840 -7.539386
v -0.858294 0.402840 -7.539386
v -0.800974 0.460160 -7.482066
v 0.622847 0.460160 -7.155178
v 0.680167 0.402840 -7.212498
v 2.218629 0.402840 -7.212498
v 2.275949 0.460160 -7.155178
v 3.699770 0.460160 -6.746567
v 3.757091 0.402840 -6.803887
v 5.295552 0.402840 -6.803887
v 5.352872 0.460160 -6.746567
v 6.776694 0.460160 -6.959044
v 6.834014 0.402840 -7.016365
v 8.372475 0.402840 -7.016365
v 8.429795 0.460160 -6.959044
v -8.550603 0.017480 -7.299996
v -8.607924 -0.039840 -7.242676
v -6.954821 -0.039840 -7.242676
v -7.012141 0.017480 -7.299996
v -5.473679 0.017480 -6.803887
v -5.530999 -0.039840 -6.746567
v -3.877897 -0.039840 -6.746567
v -3.935217 0.017480 -6.803887
v -2.396756 0.017480 -7.539386
v -2.454076 -0.039840 -7.482066
v -0.800974 -0.039840 -7.482066
v -0.858294 0.017480 -7.539386
v 0.680167 0.017480 -7.212498
v 0.622847 -0.039840 -7.155178
v 2.275949 -0.039840 -7.155178
v 2.218629 0.017480 -7.212498
v 3.757091 0.017480 -6.803887
v 3.699770 -0.039840 -6.746567
v 5.352872 -0.039840 -6.746567
v 5.295552 0.017480 -6.803887
v 6.834014 0.017480 -7.016365
v 6.776694 -0.039840 -6.959044
v 8.429795 -0.039840 -6.959044
v 8.372475 0.017480 -7.016365
v -10.089065 0.402840 -1.457329
v -10.031744 0.460160 -1.457329
v -10.089065 0.402840 -6.803887
v -10.031744 0.460160 -6.803887
v 9.853616 0.460160 -1.457329
v 9.910936 0.402840 -1.457329
v 9.853616 0.460160 -6.803887
v 9.910936 0.402840 -6.803887
v -10.031744 -0.039840 -1.457329
v -10.089065 0.017480 -1.457329
v -10.031744 -0.039840 -6.803887
v -10.089065 0.017480 -6.803887
v 9.910936 0.017480 -1.457329
v 9.853616 -0.039840 -1.457329
v 9.910936 0.017480 -6.803887
v 9.853616 -0.039840 -6.803887
v -10.089065 0.402840 -7.531581
v -10.031744 0.460160 -7.531581
v -10.031744 0.402840 -7.588902
v -8.607924 0.402840 -7.588902
v -8.607924 0.460160 -7.531581
v -8.550603 0.402840 -7.531581
v -8.607924 0.017480 -7.588902
v -8.550603 0.017480 -7.531581
v -8.607924 -0.039840 -7.531581
v -10.031744 0.017480 -7.588902
v -10.031744 -0.039840 -7.531581
v -10.089065 0.017480 -7.531581
v -7.012142 0.402840 -7.989225
v -6.954822 0.460160 -7.989225
v -6.954822 0.402840 -8.046545
v -5.531000 0.402840 -8.046545
v -5.531000 0.460160 -7.989225
v -5.473680 0.402840 -7.989225
v -5.531000 0.017480 -8.046545
v -5.473680 0.017480 -7.989225
v -5.531000 -0.039840 -7.989225
v -6.954822 0.017480 -8.046545
v -6.954822 -0.039840 -7.989225
v -7.012142 0.017480 -7.989225
v -3.935217 0.402840 -7.989225
v -3.877897 0.460160 -7.989225
v -3.877897 0.402840 -8.046545
v -2.454076 0.402840 -8.046545
v -2.454076 0.460160 -7.989225
v -2.396756 0.402840 -7.989225
v -2.454076 0.017480 -8.046545
v -2.396756 0.017480 -7.989225
v -2.454076 -0.039840 -7.989225
v -3.877897 0.017480 -8.046545
v -3.877897 -0.039840 -7.989225
v -3.935217 0.017480 -7.989225
v -0.858294 0.402840 -7.727715
v -0.800974 0.460160 -7.727715
v -0.800974 0.402840 -7.785035
v 0.622847 0.402840 -7.785035
v 0.622847 0.460160 -7.727715
v 0.680167 0.402840 -7.727715
v 0.622847 0.017480 -7.785035
v 0.680167 0.017480 -7.727715
v 0.622847 -0.039840 -7.727715
v -0.800974 0.017480 -7.785035
v -0.800974 -0.039840 -7.727715
v -0.858294 0.017480 -7.727715
v 2.218629 0.402840 -7.531581
v 2.275949 0.460160 -7.531581
v 2.275949 0.402840 -7.588902
v 3.699770 0.402840 -7.588902
v 3.699770 0.460160 -7.531581
v 3.757091 0.402840 -7.531581
v 3.699770 0.017480 -7.588902
v 3.757091 0.017480 -7.531581
v 3.699770 -0.039840 -7.531581
v 2.275949 0.017480 -7.588902
v 2.275949 -0.039840 -7.531581
v 2.218629 0.017480 -7.531581
v 5.295552 0.402840 -7.188348
v 5.352872 0.460160 -7.188348
v 5.352872 0.402840 -7.245668
v 6.776694 0.402840 -7.245668
v 6.776694 0.460160 -7.188348
v 6.834014 0.402840 -7.188348
v 6.776694 0.017480 -7.245668
v 6.834014 0.017480 -7.188348
v 6.776694 -0.039840 -7.188348
v 5.352872 0.017480 -7.245668
v 5.352872 -0.039840 -7.188348
v 5.295552 0.017480 -7.188348
v 8.372475 0.402840 -7.286415
v 8.429795 0.460160 -7.286415
v 8.429795 0.402840 -7.343735
v 9.853616 0.402840 -7.343735
v 9.853616 0.460160 -7.286415
v 9.910936 0.402840 -7.286415
v 9.853616 0.017480 -7.343735
v 9.910936 0.017480 -7.286415
v 9.853616 -0.039840 -7.286415
v 8.429795 0.017480 -7.343735
v 8.429795 -0.039840 -7.286415
v 8.372475 0.017480 -7.286415
v -10.031744 0.460160 3.889230
v -10.089065 0.402840 3.889230
v -8.550603 0.402840 4.385339
v -8.607924 0.460160 4.328019
v -6.954821 0.460160 4.328019
v -7.012141 0.402840 4.385339
v -5.473679 0.402840 3.889230
v -5.530999 0.460160 3.831910
v -3.877897 0.460160 3.831910
v -3.935217 0.402840 3.889230
v -2.396756 0.402840 4.624729
v -2.454076 0.460160 4.567409
v -0.800974 0.460160 4.567409
v -0.858294 0.402840 4.624729
v 0.680167 0.402840 4.297841
v 0.622847 0.460160 4.240520
v 2.275949 0.460160 4.240520
v 2.218629 0.402840 4.297841
v 3.757091 0.402840 3.889230
v 3.699770 0.460160 3.831910
v 5.352872 0.460160 3.831910
v 5.295552 0.402840 3.889230
v 6.834014 0.402840 4.101707
v 6.776694 0.460160 4.044387
v 8.429795 0.460160 4.044387
v 8.372475 0.402840 4.101707
v 9.910936 0.402840 3.889230
v 9.853616 0.460160 3.889230
v -10.089065 0.402840 4.616924
v -10.031744 0.402840 4.674244
v -10.031744 0.460160 4.616924
v -8.607924 0.460160 4.616924
v -8.607924 0.402840 4.674244
v -8.550603 0.402840 4.616924
v -8.550603 0.017480 4.616924
v -8.607924 0.017480 4.674244
v -8.607924 -0.039840 4.616924
v -10.031744 -0.039840 4.616924
v -10.031744 0.017480 4.674244
v -10.089065 0.017480 4.616924
v -7.012141 0.017480 4.385339
v -6.954821 -0.039840 4.328019
v -8.607924 -0.039840 4.328019
v -8.550603 0.017480 4.385339
v -7.012142 0.402840 5.074568
v -6.954822 0.402840 5.131888
v -6.954822 0.460160 5.074568
v -5.531000 0.460160 5.074568
v -5.531000 0.402840 5.131888
v -5.473680 0.402840 5.074568
v -5.473680 0.017480 5.074568
v -5.531000 0.017480 5.131888
v -5.531000 -0.039840 5.074568
v -6.954822 -0.039840 5.074568
v -6.954822 0.017480 5.131888
v -7.012142 0.017480 5.074568
v -3.935217 0.017480 3.889230
v -3.877897 -0.039840 3.831910
v -5.530999 -0.039840 3.831910
v -5.473679 0.017480 3.889230
v -3.935217 0.402840 5.074568
v -3.877897 0.402840 5.131888
v -3.877897 0.460160 5.074568
v -2.454076 0.460160 5.074568
v -2.454076 0.402840 5.131888
v -2.396756 0.402840 5.074568
v -2.396756 0.017480 5.074568
v -2.454076 0.017480 5.131888
v -2.454076 -0.039840 5.074568
v -3.877897 -0.039840 5.074568
v -3.877897 0.017480 5.131888
v -3.935217 0.017480 5.074568
v -0.858294 0.017480 4.624729
v -0.800974 -0.039840 4.567409
v -2.454076 -0.039840 4.567409
v -2.396756 0.017480 4.624729
v -0.858294 0.402840 4.813057
v -0.800974 0.402840 4.870378
v -0.800974 0.460160 4.813057
v 0.622847 0.460160 4.813057
v 0.622847 0.402840 4.870378
v 0.680167 0.402840 4.813057
v 0.680167 0.017480 4.813057
v 0.622847 0.017480 4.870378
v 0.622847 -0.039840 4.813057
v -0.800974 -0.039840 4.813057
v -0.800974 0.017480 4.870378
v -0.858294 0.017480 4.813057
v 2.218629 0.017480 4.297841
v 2.275949 -0.039840 4.240520
v 0.622847 -0.039840 4.240520
v 0.680167 0.017480 4.297841
v 2.218629 0.402840 4.616924
v 2.275949 0.402840 4.674244
v 2.275949 0.460160 4.616924
v 3.699770 0.460160 4.616924
v 3.699770 0.402840 4.674244
v 3.757091 0.402840 4.616924
v 3.757091 0.017480 4.616924
v 3.699770 0.017480 4.674244
v 3.699770 -0.039840 4.616924
v 2.275949 -0.039840 4.616924
v 2.275949 0.017480 4.674244
v 2.218629 0.017480 4.616924
v 5.295552 0.017480 3.889230
v 5.352872 -0.039840 3.831910
v 3.699770 -0.039840 3.831910
v 3.757091 0.017480 3.889230
v 5.295552 0.402840 4.273691
v 5.352872 0.402840 4.331011
v 5.352872 0.460160 4.273691
v 6.776694 0.460160 4.273691
v 6.776694 0.402840 4.331011
v 6.834014 0.402840 4.273691
v 6.834014 0.017480 4.273691
v 6.776694 0.017480 4.331011
v 6.776694 -0.039840 4.273691
v 5.352872 -0.039840 4.273691
v 5.352872 0.017480 4.331011
v 5.295552 0.017480 4.273691
v 8.372475 0.017480 4.101707
v 8.429795 -0.039840 4.044387
v 6.776694 -0.039840 4.044387
v 6.834014 0.017480 4.101707
v 8.372475 0.402840 4.371758
v 8.429795 0.402840 4.429078
v 8.429795 0.460160 4.371758
v 9.853616 0.460160 4.371758
v 9.853616 0.402840 4.429078
v 9.910936 0.402840 4.371758
v 9.910936 0.017480 4.371758
v 9.853616 0.017480 4.429078
v 9.853616 -0.039840 4.371758
v 8.429795 -0.039840 4.371758
v 8.429795 0.017480 4.429078
v 8.372475 0.017480 4.371758
v -10.089065 0.017480 3.889230
v -10.031744 -0.039840 3.889230
v 9.853616 -0.039840 3.889230
v 9.910936 0.017480 3.889230
v 8.679451 2.456306 -6.616915
v 9.267883 2.458587 -6.616915
v 8.671732 1.460868 -6.616915
v 9.260094 1.454025 -6.616915
v 8.671732 1.460868 -6.116915
v 9.260094 1.454025 -6.116915
v 8.679451 2.456306 -6.116915
v 9.267883 2.458587 -6.116915
v 8.679451 2.456306 -1.473045
v 9.267883 2.458587 -1.473045
v 9.260094 1.454025 -1.473045
v 8.671732 1.460868 -1.473045
v 9.267883 2.458587 3.670825
v 8.679451 2.456306 3.670825
v 9.260094 1.454025 3.670825
v 8.671732 1.460868 3.670825
v 8.671732 1.460868 3.170825
v 8.679451 2.456306 3.170825
v 9.260094 1.454025 3.170825
v 9.267883 2.458587 3.170825
v 9.895612 0.496642 -6.156111
v 9.856416 0.457447 -6.116915
v 9.895612 1.457447 -6.156111
v 9.856416 1.496642 -6.116915
v -9.877526 1.457447 -6.156111
v -9.838330 1.418251 -6.116915
v -9.877526 2.457446 -6.156111
v -9.838330 2.496642 -6.116915
v 9.549458 2.457446 -6.156111
v 9.510262 2.418251 -6.116915
v 9.510262 3.418251 -6.116915
v 9.549458 3.418251 -6.156111
v 9.510262 3.457446 -6.156111
v 9.510262 3.457446 -6.577720
v 9.549458 3.418251 -6.577720
v 9.510262 3.418251 -6.616915
v 9.549458 2.457446 -6.577720
v 9.510262 2.418251 -6.616915
v -9.877526 2.457446 -6.577720
v -9.838330 2.496642 -6.616915
v -9.877526 1.457447 -6.577720
v -9.838330 1.418251 -6.616915
v 9.895612 1.457447 -6.577720
v 9.856416 1.496642 -6.616915
v 9.856416 0.496642 -6.616915
v 9.895612 0.496642 -6.577720
v 9.856416 0.457447 -6.577720
v -10.104388 0.457447 -6.577720
v -10.104388 0.496642 -6.616915
v -10.234471 0.496642 -6.616915
v -10.234471 0.457447 -6.577720
v -10.273667 0.496642 -6.577720
v -10.104388 0.496642 -6.116915
v -10.104388 0.457447 -6.156111
v -10.273667 0.496642 -6.156111
v -10.234471 0.457447 -6.156111
v -10.234471 0.496642 -6.116915
v -10.273667 1.418251 -6.156111
v -10.234471 1.418251 -6.116915
v -10.234471 1.457447 -6.156111
v -10.273667 1.418251 -6.577720
v -10.234471 1.457447 -6.577720
v -10.234471 1.418251 -6.616915
v -10.673081 2.496642 -6.616915
v -10.673081 2.457446 -6.577720
v -10.712277 2.496642 -6.577720
v -10.712277 2.496642 -6.156111
v -10.673081 2.457446 -6.156111
v -10.673081 2.496642 -6.116915
v -10.104388 3.457446 -6.156111
v -10.104388 3.418251 -6.116915
v -10.712277 3.418251 -6.156111
v -10.673081 3.418251 -6.116915
v -10.673081 3.457446 -6.156111
v -10.104388 3.418251 -6.616915
v -10.104388 3.457446 -6.577720
v -10.712277 3.418251 -6.577720
v -10.673081 3.457446 -6.577720
v -10.673081 3.418251 -6.616915
v 10.160013 1.496642 -6.577720
v 10.120817 1.457447 -6.577720
v 10.120817 1.496642 -6.616915
v 10.120817 1.496642 -6.116915
v 10.120817 1.457447 -6.156111
v 10.160013 1.496642 -6.156111
v 10.160013 2.418251 -6.577720
v 10.120817 2.418251 -6.616915
v 10.120817 2.457446 -6.577720
v 10.160013 2.418251 -6.156111
v 10.120817 2.457446 -6.156111
v 10.120817 2.418251 -6.116915
v 8.663942 3.457446 -6.577720
v 8.663942 3.418251 -6.616915
v 9.252375 3.418251 -6.616915
v 9.252375 3.457446 -6.577720
v 8.656187 0.496642 -6.616915
v 8.656187 0.457447 -6.577720
v 9.244619 0.457447 -6.577720
v 9.244619 0.496642 -6.616915
v 8.656796 0.496793 -6.116915
v 8.695538 0.457447 -6.156266
v 8.703293 3.457446 -6.156266
v 8.664552 3.418101 -6.116915
v 9.252981 3.418405 -6.116915
v 9.213328 3.457446 -6.155962
v 9.252978 3.418556 -1.473045
v 9.213480 3.457446 -1.473045
v 8.664555 3.417948 -1.473045
v 8.703445 3.457446 -1.473045
v 9.205725 0.457447 -6.116915
v 9.244619 0.457447 -6.172346
v 9.300051 0.457447 -6.116915
v 9.245223 0.496337 -6.116915
v 9.245223 0.496337 -1.473045
v 9.205725 0.457447 -1.473045
v 8.656799 0.496945 -1.473045
v 8.695690 0.457447 -1.473045
v 10.425296 0.496642 3.210021
v 10.386100 0.457447 3.170825
v 10.386100 0.457447 3.631629
v 10.425296 0.496642 3.631629
v 10.386100 0.496642 3.670825
v 10.425296 1.457447 3.631629
v 10.386100 1.496642 3.670825
v 10.386100 1.457331 3.170825
v 10.459532 1.540321 3.170825
v 10.514963 1.457447 3.170825
v 10.425296 1.457447 3.210021
v 10.995207 1.496642 3.210021
v 10.956011 1.457447 3.170825
v 10.956011 1.457447 3.631629
v 10.995207 1.496642 3.631629
v 10.956011 1.496642 3.670825
v 10.956011 2.418251 3.670825
v 10.995207 2.418251 3.631629
v 10.956011 2.457446 3.631629
v 10.956011 2.457446 3.210021
v 10.995207 2.418251 3.210021
v 10.956011 2.418251 3.170825
v 10.838408 2.457446 3.631629
v 10.799212 2.418251 3.670825
v 10.799212 3.418251 3.670825
v 10.838408 3.418251 3.631629
v 10.799212 3.457446 3.631629
v 10.799212 3.457446 3.210021
v 10.838408 3.418251 3.210021
v 10.799212 3.418251 3.170825
v 10.838408 2.457446 3.210021
v 10.799212 2.418251 3.170825
v -10.706228 0.496642 3.670825
v -10.745424 0.496642 3.631629
v -10.706228 0.457447 3.631629
v -10.706228 0.457447 3.210021
v -10.745424 0.496642 3.210021
v -10.706228 0.496642 3.170825
v -10.706228 1.418251 3.170825
v -10.745424 1.418251 3.210021
v -10.706228 1.457447 3.210021
v -10.706228 1.457447 3.631629
v -10.745424 1.418251 3.631629
v -10.706228 1.418251 3.670825
v -10.282522 1.457447 3.210021
v -10.243326 1.418251 3.170825
v -10.282522 2.457446 3.210021
v -10.243326 2.496642 3.170825
v -10.282522 1.457447 3.631629
v -10.243326 1.418251 3.670825
v -10.282522 2.457446 3.631629
v -10.243326 2.496642 3.670825
v -10.407511 2.496642 3.670825
v -10.446707 2.496642 3.631629
v -10.407511 2.457446 3.631629
v -10.407511 2.457446 3.210021
v -10.446707 2.496642 3.210021
v -10.407511 2.496642 3.170825
v -10.407511 3.418251 3.170825
v -10.446707 3.418251 3.210021
v -10.407511 3.457446 3.210021
v -10.407511 3.457446 3.631629
v -10.446707 3.418251 3.631629
v -10.407511 3.418251 3.670825
v -10.104388 0.457447 3.210021
v -10.104388 0.496642 3.170825
v -10.104388 0.496642 3.670825
v -10.104388 0.457447 3.631629
v -10.104388 3.418251 3.170825
v -10.104388 3.457446 3.210021
v -10.104388 3.457446 3.631629
v -10.104388 3.418251 3.670825
v 9.252375 3.457446 3.631629
v 9.252375 3.418251 3.670825
v 8.663942 3.418251 3.670825
v 8.663942 3.457446 3.631629
v 9.244619 0.496642 3.670825
v 9.244619 0.457447 3.631629
v 8.656187 0.457447 3.631629
v 8.656187 0.496642 3.670825
v 8.695538 0.457447 3.210176
v 8.656796 0.496793 3.170825
v 8.664552 3.418101 3.170825
v 8.703293 3.457446 3.210176
v 9.213328 3.457446 3.209872
v 9.252981 3.418405 3.170825
v 9.245223 0.496337 3.170825
v 9.300051 0.457447 3.170825
v 9.244619 0.457447 3.226257
v 9.205725 0.457447 3.170825
v -8.347170 -0.063023 5.381491
v -8.347170 -0.063023 5.798985
v -7.971278 0.032563 5.381491
v -7.958571 0.063241 5.406741
v -8.048897 0.184896 5.381491
v -8.016608 0.177145 5.406741
v -8.099251 0.235251 5.381491
v -8.107002 0.267539 5.406741
v -8.251584 0.312869 5.381491
v -8.220906 0.325576 5.406741
v -8.321920 0.324009 5.381491
v -8.347170 0.345574 5.406741
v -8.490784 0.297264 5.381491
v -8.473433 0.325576 5.406741
v -8.554235 0.264934 5.381491
v -8.587337 0.267539 5.406741
v -8.675126 0.144041 5.381491
v -8.677732 0.177144 5.406741
v -8.707456 0.080590 5.381491
v -8.735768 0.063241 5.406741
v -8.734201 -0.088273 5.381491
v -8.755767 -0.063023 5.406741
v -8.723061 -0.158608 5.381491
v -8.735768 -0.189286 5.406741
v -8.645443 -0.310942 5.381491
v -8.677732 -0.303190 5.406741
v -8.595089 -0.361297 5.381491
v -8.587337 -0.393585 5.406741
v -8.442756 -0.438915 5.381491
v -8.473433 -0.451622 5.406741
v -8.372419 -0.450054 5.381491
v -8.347170 -0.471620 5.406741
v -8.203556 -0.423309 5.381491
v -8.220906 -0.451622 5.406741
v -8.140105 -0.390979 5.381491
v -8.107002 -0.393585 5.406741
v -8.019214 -0.270087 5.381491
v -8.016608 -0.303190 5.406741
v -7.986884 -0.206636 5.381491
v -7.958571 -0.189286 5.406741
v -7.960138 -0.037773 5.381491
v -7.938573 -0.063023 5.406741
v -6.312866 0.571413 5.381491
v -6.348785 0.586291 5.406741
v -6.638166 1.209851 5.381491
v -6.647243 1.172046 5.406741
v -7.074296 1.645980 5.381491
v -7.112101 1.636904 5.406741
v -7.712734 1.971280 5.381491
v -7.697855 1.935361 5.406741
v -8.321920 2.067766 5.381491
v -8.347170 2.038202 5.406741
v -9.029634 1.955675 5.381491
v -8.996484 1.935361 5.406741
v -9.579188 1.675663 5.381491
v -9.582239 1.636904 5.406741
v -10.085855 1.168995 5.381491
v -10.047096 1.172046 5.406741
v -10.365868 0.619441 5.381491
v -10.345553 0.586291 5.406741
v -10.477959 -0.088273 5.381491
v -10.448395 -0.063023 5.406741
v -10.381473 -0.697459 5.381491
v -10.345553 -0.712337 5.406741
v -10.056172 -1.335896 5.381491
v -10.047096 -1.298092 5.406741
v -9.620044 -1.772026 5.381491
v -9.582239 -1.762949 5.406741
v -8.981606 -2.097326 5.381491
v -8.996484 -2.061406 5.406741
v -8.372419 -2.193811 5.381491
v -8.347170 -2.164247 5.406741
v -7.664706 -2.081720 5.381491
v -7.697856 -2.061406 5.406741
v -7.115151 -1.801708 5.381491
v -7.112101 -1.762949 5.406741
v -6.608485 -1.295042 5.381491
v -6.647243 -1.298092 5.406741
v -6.328473 -0.745487 5.381491
v -6.348787 -0.712337 5.406741
v -6.216382 -0.037773 5.381491
v -6.245945 -0.063023 5.406741
v -6.040009 0.686619 5.381491
v -6.015695 0.694519 5.406741
v -6.384581 1.362881 5.381491
v -6.363899 1.377908 5.406741
v -6.921266 1.899566 5.381491
v -6.906240 1.920248 5.406741
v -7.597528 2.244138 5.381491
v -7.589628 2.268452 5.406741
v -8.347170 2.362870 5.381491
v -8.347170 2.388434 5.406741
v -9.096811 2.244138 5.381491
v -9.104712 2.268451 5.406741
v -9.773074 1.899565 5.381491
v -9.788100 1.920247 5.406741
v -10.309758 1.362881 5.381491
v -10.330441 1.377907 5.406741
v -10.654331 0.686619 5.381491
v -10.678644 0.694519 5.406741
v -10.773062 -0.063023 5.381491
v -10.798626 -0.063023 5.406741
v -10.654331 -0.812665 5.381491
v -10.678644 -0.820565 5.406741
v -10.309757 -1.488927 5.381491
v -10.330440 -1.503953 5.406741
v -9.773074 -2.025611 5.381491
v -9.788100 -2.046293 5.406741
v -9.096811 -2.370183 5.381491
v -9.104712 -2.394496 5.406741
v -8.347170 -2.488914 5.381491
v -8.347170 -2.514479 5.406741
v -7.597528 -2.370183 5.381491
v -7.589628 -2.394496 5.406741
v -6.921267 -2.025611 5.381491
v -6.906240 -2.046293 5.406741
v -6.384583 -1.488927 5.381491
v -6.363900 -1.503953 5.406741
v -6.040010 -0.812665 5.381491
v -6.015697 -0.820565 5.406741
v -5.921278 -0.063023 5.381491
v -5.895714 -0.063023 5.406741
v -6.015695 0.694519 5.773735
v -6.040009 0.686619 5.798985
v -6.363899 1.377908 5.773735
v -6.384581 1.362881 5.798985
v -6.906240 1.920248 5.773735
v -6.921266 1.899566 5.798985
v -7.589628 2.268452 5.773735
v -7.597528 2.244138 5.798985
v -8.347170 2.388434 5.773735
v -8.347170 2.362870 5.798985
v -9.104712 2.268451 5.773735
v -9.096811 2.244138 5.798985
v -9.788100 1.920247 5.773735
v -9.773074 1.899565 5.798985
v -10.330441 1.377907 5.773735
v -10.309758 1.362881 5.798985
v -10.678644 0.694519 5.773735
v -10.654331 0.686619 5.798985
v -10.798626 -0.063023 5.773735
v -10.773062 -0.063023 5.798985
v -10.678644 -0.820565 5.773735
v -10.654331 -0.812665 5.798985
v -10.330440 -1.503953 5.773735
v -10.309757 -1.488927 5.798985
v -9.788100 -2.046293 5.773735
v -9.773074 -2.025611 5.798985
v -9.104712 -2.394496 5.773735
v -9.096811 -2.370183 5.798985
v -8.347170 -2.514479 5.773735
v -8.347170 -2.488914 5.798985
v -7.589628 -2.394496 5.773735
v -7.597528 -2.370183 5.798985
v -6.906240 -2.046293 5.773735
v -6.921267 -2.025611 5.798985
v -6.363900 -1.503953 5.773735
v -6.384583 -1.488927 5.798985
v -6.015697 -0.820565 5.773735
v -6.040010 -0.812665 5.798985
v -5.895714 -0.063023 5.773735
v -5.921278 -0.063023 5.798985
v -6.312866 0.571413 5.798985
v -6.348785 0.586291 5.773735
v -6.638166 1.209851 5.798985
v -6.647243 1.172046 5.773735
v -7.074296 1.645980 5.798985
v -7.112101 1.636904 5.773735
v -7.712734 1.971280 5.798985
v -7.697855 1.935361 5.773735
v -8.321920 2.067766 5.798985
v -8.347170 2.038202 5.773735
v -9.029634 1.955675 5.798985
v -8.996484 1.935361 5.773735
v -9.579188 1.675663 5.798985
v -9.582239 1.636904 5.773735
v -10.085855 1.168995 5.798985
v -10.047096 1.172046 5.773735
v -10.365868 0.619441 5.798985
v -10.345553 0.586291 5.773735
v -10.477959 -0.088273 5.798985
v -10.448395 -0.063023 5.773735
v -10.381473 -0.697459 5.798985
v -10.345553 -0.712337 5.773735
v -10.056172 -1.335896 5.798985
v -10.047096 -1.298092 5.773735
v -9.620044 -1.772026 5.798985
v -9.582239 -1.762949 5.773735
v -8.981606 -2.097326 5.798985
v -8.996484 -2.061406 5.773735
v -8.372419 -2.193811 5.798985
v -8.347170 -2.164247 5.773735
v -7.664706 -2.081720 5.798985
v -7.697856 -2.061406 5.773735
v -7.115151 -1.801708 5.798985
v -7.112101 -1.762949 5.773735
v -6.608485 -1.295042 5.798985
v -6.647243 -1.298092 5.773735
v -6.328473 -0.745487 5.798985
v -6.348787 -0.712337 5.773735
v -6.216382 -0.037773 5.798985
v -6.245945 -0.063023 5.773735
v -7.971278 0.032563 5.798985
v -7.958571 0.063241 5.773735
v -8.048897 0.184896 5.798985
v -8.016608 0.177145 5.773735
v -8.099251 0.235251 5.798985
v -8.107002 0.267539 5.773735
v -8.251584 0.312869 5.798985
v -8.220906 0.325576 5.773735
v -8.321920 0.324009 5.798985
v -8.347170 0.345574 5.773735
v -8.490784 0.297264 5.798985
v -8.473433 0.325576 5.773735
v -8.554235 0.264934 5.798985
v -8.587337 0.267539 5.773735
v -8.675126 0.144041 5.798985
v -8.677732 0.177144 5.773735
v -8.707456 0.080590 5.798985
v -8.735768 0.063241 5.773735
v -8.734201 -0.088273 5.798985
v -8.755767 -0.063023 5.773735
v -8.723061 -0.158608 5.798985
v -8.735768 -0.189286 5.773735
v -8.645443 -0.310942 5.798985
v -8.677732 -0.303190 5.773735
v -8.595089 -0.361297 5.798985
v -8.587337 -0.393585 5.773735
v -8.442756 -0.438915 5.798985
v -8.473433 -0.451622 5.773735
v -8.372419 -0.450054 5.798985
v -8.347170 -0.471620 5.773735
v -8.203556 -0.423309 5.798985
v -8.220906 -0.451622 5.773735
v -8.140105 -0.390979 5.798985
v -8.107002 -0.393585 5.773735
v -8.019214 -0.270087 5.798985
v -8.016608 -0.303190 5.773735
v -7.986884 -0.206636 5.798985
v -7.958571 -0.189286 5.773735
v -7.960138 -0.037773 5.798985
v -7.938573 -0.063023 5.773735
v -8.342288 -0.051859 -9.154313
v -8.342288 -0.051859 6.191577
v -8.125782 0.073141 -9.033586
v -8.234023 0.010648 -9.154313
v -8.217288 0.164648 -9.033586
v -8.279781 0.056406 -9.154313
v -8.342288 0.198141 -9.033586
v -8.342288 0.073155 -9.154313
v -8.467288 0.164648 -9.033586
v -8.404795 0.056406 -9.154313
v -8.558794 0.073141 -9.033586
v -8.450553 0.010648 -9.154313
v -8.592288 -0.051859 -9.033586
v -8.467301 -0.051859 -9.154313
v -8.558794 -0.176859 -9.033586
v -8.450553 -0.114366 -9.154313
v -8.467288 -0.268365 -9.033586
v -8.404795 -0.160124 -9.154313
v -8.342288 -0.301859 -9.033586
v -8.342288 -0.176872 -9.154313
v -8.217288 -0.268365 -9.033586
v -8.279781 -0.160124 -9.154313
v -8.125782 -0.176859 -9.033586
v -8.234023 -0.114366 -9.154313
v -8.092288 -0.051859 -9.033586
v -8.217275 -0.051859 -9.154313
v -8.125782 0.073141 6.070849
v -8.234023 0.010648 6.191577
v -8.217288 0.164648 6.070849
v -8.279781 0.056406 6.191577
v -8.342288 0.198141 6.070849
v -8.342288 0.073155 6.191577
v -8.467288 0.164648 6.070849
v -8.404795 0.056406 6.191577
v -8.558794 0.073141 6.070849
v -8.450553 0.010648 6.191577
v -8.592288 -0.051859 6.070849
v -8.467301 -0.051859 6.191577
v -8.558794 -0.176859 6.070849
v -8.450553 -0.114366 6.191577
v -8.467288 -0.268365 6.070849
v -8.404795 -0.160124 6.191577
v -8.342288 -0.301859 6.070849
v -8.342288 -0.176872 6.191577
v -8.217288 -0.268365 6.070849
v -8.279781 -0.160124 6.191577
v -8.125782 -0.176859 6.070849
v -8.234023 -0.114366 6.191577
v -8.092288 -0.051859 6.070849
v -8.217275 -0.051859 6.191577
v -8.347170 -0.063023 -8.764806
v -8.347170 -0.063023 -8.347312
v -7.971278 0.032563 -8.764806
v -7.958571 0.063241 -8.739555
v -8.048897 0.184896 -8.764806
v -8.016608 0.177145 -8.739555
v -8.099251 0.235251 -8.764806
v -8.107002 0.267539 -8.739555
v -8.251584 0.312869 -8.764806
v -8.220906 0.325576 -8.739555
v -8.321920 0.324009 -8.764806
v -8.347170 0.345574 -8.739555
v -8.490784 0.297264 -8.764806
v -8.473433 0.325576 -8.739555
v -8.554235 0.264934 -8.764806
v -8.587337 0.267539 -8.739555
v -8.675126 0.144041 -8.764806
v -8.677732 0.177144 -8.739555
v -8.707456 0.080590 -8.764806
v -8.735768 0.063241 -8.739555
v -8.734201 -0.088273 -8.764806
v -8.755767 -0.063023 -8.739555
v -8.723061 -0.158608 -8.764806
v -8.735768 -0.189286 -8.739555
v -8.645443 -0.310942 -8.764806
v -8.677732 -0.303190 -8.739555
v -8.595089 -0.361297 -8.764806
v -8.587337 -0.393585 -8.739555
v -8.442756 -0.438915 -8.764806
v -8.473433 -0.451622 -8.739555
v -8.372419 -0.450054 -8.764806
v -8.347170 -0.471620 -8.739555
v -8.203556 -0.423309 -8.764806
v -8.220906 -0.451622 -8.739555
v -8.140105 -0.390979 -8.764806
v -8.107002 -0.393585 -8.739555
v -8.019214 -0.270087 -8.764806
v -8.016608 -0.303190 -8.739555
v -7.986884 -0.206636 -8.764806
v -7.958571 -0.189286 -8.739555
v -7.960138 -0.037773 -8.764806
v -7.938573 -0.063023 -8.739555
v -6.312866 0.571413 -8.764806
v -6.348785 0.586291 -8.739555
v -6.638166 1.209851 -8.764806
v -6.647243 1.172046 -8.739555
v -7.074296 1.645980 -8.764806
v -7.112101 1.636904 -8.739555
v -7.712734 1.971280 -8.764806
v -7.697855 1.935361 -8.739555
v -8.321920 2.067766 -8.764806
v -8.347170 2.038202 -8.739555
v -9.029634 1.955675 -8.764806
v -8.996484 1.935361 -8.739555
v -9.579188 1.675663 -8.764806
v -9.582239 1.636904 -8.739555
v -10.085855 1.168995 -8.764806
v -10.047096 1.172046 -8.739555
v -10.365868 0.619441 -8.764806
v -10.345553 0.586291 -8.739555
v -10.477959 -0.088273 -8.764806
v -10.448395 -0.063023 -8.739555
v -10.381473 -0.697459 -8.764806
v -10.345553 -0.712337 -8.739555
v -10.056172 -1.335896 -8.764806
v -10.047096 -1.298092 -8.739555
v -9.620044 -1.772026 -8.764806
v -9.582239 -1.762949 -8.739555
v -8.981606 -2.097326 -8.764806
v -8.996484 -2.061406 -8.739555
v -8.372419 -2.193811 -8.764806
v -8.347170 -2.164247 -8.739555
v -7.664706 -2.081720 -8.764806
v -7.697856 -2.061406 -8.739555
v -7.115151 -1.801708 -8.764806
v -7.112101 -1.762949 -8.739555
v -6.608485 -1.295042 -8.764806
v -6.647243 -1.298092 -8.739555
v -6.328473 -0.745487 -8.764806
v -6.348787 -0.712337 -8.739555
v -6.216382 -0.037773 -8.764806
v -6.245945 -0.063023 -8.739555
v -6.040009 0.686619 -8.764806
v -6.015695 0.694519 -8.739555
v -6.384581 1.362881 -8.764806
v -6.363899 1.377908 -8.739555
v -6.921266 1.899566 -8.764806
v -6.906240 1.920248 -8.739555
v -7.597528 2.244138 -8.764806
v -7.589628 2.268452 -8.739555
v -8.347170 2.362870 -8.764806
v -8.347170 2.388434 -8.739555
v -9.096811 2.244138 -8.764806
v -9.104712 2.268451 -8.739555
v -9.773074 1.899565 -8.764806
v -9.788100 1.920247 -8.739555
v -10.309758 1.362881 -8.764806
v -10.330441 1.377907 -8.739555
v -10.654331 0.686619 -8.764806
v -10.678644 0.694519 -8.739555
v -10.773062 -0.063023 -8.764806
v -10.798626 -0.063023 -8.739555
v -10.654331 -0.812665 -8.764806
v -10.678644 -0.820565 -8.739555
v -10.309757 -1.488927 -8.764806
v -10.330440 -1.503953 -8.739555
v -9.773074 -2.025611 -8.764806
v -9.788100 -2.046293 -8.739555
v -9.096811 -2.370183 -8.764806
v -9.104712 -2.394496 -8.739555
v -8.347170 -2.488914 -8.764806
v -8.347170 -2.514479 -8.739555
v -7.597528 -2.370183 -8.764806
v -7.589628 -2.394496 -8.739555
v -6.921267 -2.025611 -8.764806
v -6.906240 -2.046293 -8.739555
v -6.384583 -1.488927 -8.764806
v -6.363900 -1.503953 -8.739555
v -6.040010 -0.812665 -8.764806
v -6.015697 -0.820565 -8.739555
v -5.921278 -0.063023 -8.764806
v -5.895714 -0.063023 -8.739555
v -6.015695 0.694519 -8.372562
v -6.040009 0.686619 -8.347312
v -6.363899 1.377908 -8.372562
v -6.384581 1.362881 -8.347312
v -6.906240 1.920248 -8.372562
v -6.921266 1.899566 -8.347312
v -7.589628 2.268452 -8.372562
v -7.597528 2.244138 -8.347312
v -8.347170 2.388434 -8.372562
v -8.347170 2.362870 -8.347312
v -9.104712 2.268451 -8.372562
v -9.096811 2.244138 -8.347312
v -9.788100 1.920247 -8.372562
v -9.773074 1.899565 -8.347312
v -10.330441 1.377907 -8.372562
v -10.309758 1.362881 -8.347312
v -10.678644 0.694519 -8.372562
v -10.654331 0.686619 -8.347312
v -10.798626 -0.063023 -8.372562
v -10.773062 -0.063023 -8.347312
v -10.678644 -0.820565 -8.372562
v -10.654331 -0.812665 -8.347312
v -10.330440 -1.503953 -8.372562
v -10.309757 -1.488927 -8.347312
v -9.788100 -2.046293 -8.372562
v -9.773074 -2.025611 -8.347312
v -9.104712 -2.394496 -8.372562
v -9.096811 -2.370183 -8.347312
v -8.347170 -2.514479 -8.372562
v -8.347170 -2.488914 -8.347312
v -7.589628 -2.394496 -8.372562
v -7.597528 -2.370183 -8.347312
v -6.906240 -2.046293 -8.372562
v -6.921267 -2.025611 -8.347312
v -6.363900 -1.503953 -8.372562
v -6.384583 -1.488927 -8.347312
v -6.015697 -0.820565 -8.372562
v -6.040010 -0.812665 -8.347312
v -5.895714 -0.063023 -8.372562
v -5.921278 -0.063023 -8.347312
v -6.312866 0.571413 -8.347312
v -6.348785 0.586291 -8.372562
v -6.638166 1.209851 -8.347312
v -6.647243 1.172046 -8.372562
v -7.074296 1.645980 -8.347312
v -7.112101 1.636904 -8.372562
v -7.712734 1.971280 -8.347312
v -7.697855 1.935361 -8.372562
v -8.321920 2.067766 -8.347312
v -8.347170 2.038202 -8.372562
v -9.029634 1.955675 -8.347312
v -8.996484 1.935361 -8.372562
v -9.579188 1.675663 -8.347312
v -9.582239 1.636904 -8.372562
v -10.085855 1.168995 -8.347312
v -10.047096 1.172046 -8.372562
v -10.365868 0.619441 -8.347312
v -10.345553 0.586291 -8.372562
v -10.477959 -0.088273 -8.347312
v -10.448395 -0.063023 -8.372562
v -10.381473 -0.697459 -8.347312
v -10.345553 -0.712337 -8.372562
v -10.056172 -1.335896 -8.347312
v -10.047096 -1.298092 -8.372562
v -9.620044 -1.772026 -8.347312
v -9.582239 -1.762949 -8.372562
v -8.981606 -2.097326 -8.347312
v -8.996484 -2.061406 -8.372562
v -8.372419 -2.193811 -8.347312
v -8.347170 -2.164247 -8.372562
v -7.664706 -2.081720 -8.347312
v -7.697856 -2.061406 -8.372562
v -7.115151 -1.801708 -8.347312
v -7.112101 -1.762949 -8.372562
v -6.608485 -1.295042 -8.347312
v -6.647243 -1.298092 -8.372562
v -6.328473 -0.745487 -8.347312
v -6.348787 -0.712337 -8.372562
v -6.216382 -0.037773 -8.347312
v -6.245945 -0.063023 -8.372562
v -7.971278 0.032563 -8.347312
v -7.958571 0.063241 -8.372562
v -8.048897 0.184896 -8.347312
v -8.016608 0.177145 -8.372562
v -8.099251 0.235251 -8.347312
v -8.107002 0.267539 -8.372562
v -8.251584 0.312869 -8.347312
v -8.220906 0.325576 -8.372562
v -8.321920 0.324009 -8.347312
v -8.347170 0.345574 -8.372562
v -8.490784 0.297264 -8.347312
v -8.473433 0.325576 -8.372562
v -8.554235 0.264934 -8.347312
v -8.587337 0.267539 -8.372562
v -8.675126 0.144041 -8.347312
v -8.677732 0.177144 -8.372562
v -8.707456 0.080590 -8.347312
v -8.735768 0.063241 -8.372562
v -8.734201 -0.088273 -8.347312
v -8.755767 -0.063023 -8.372562
v -8.723061 -0.158608 -8.347312
v -8.735768 -0.189286 -8.372562
v -8.645443 -0.310942 -8.347312
v -8.677732 -0.303190 -8.372562
v -8.595089 -0.361297 -8.347312
v -8.587337 -0.393585 -8.372562
v -8.442756 -0.438915 -8.347312
v -8.473433 -0.451622 -8.372562
v -8.372419 -0.450054 -8.347312
v -8.347170 -0.471620 -8.372562
v -8.203556 -0.423309 -8.347312
v -8.220906 -0.451622 -8.372562
v -8.140105 -0.390979 -8.347312
v -8.107002 -0.393585 -8.372562
v -8.019214 -0.270087 -8.347312
v -8.016608 -0.303190 -8.372562
v -7.986884 -0.206636 -8.347312
v -7.958571 -0.189286 -8.372562
v -7.960138 -0.037773 -8.347312
v -7.938573 -0.063023 -8.372562
v 7.869508 -0.063023 -8.019263
v 7.869508 -0.063023 -7.601769
v 8.245399 0.032563 -8.019263
v 8.258106 0.063241 -7.994013
v 8.167781 0.184896 -8.019263
v 8.200069 0.177145 -7.994013
v 8.117427 0.235251 -8.019263
v 8.109675 0.267539 -7.994013
v 7.965094 0.312869 -8.019263
v 7.995771 0.325576 -7.994013
v 7.894757 0.324009 -8.019263
v 7.869508 0.345574 -7.994013
v 7.725894 0.297264 -8.019263
v 7.743244 0.325576 -7.994013
v 7.662443 0.264934 -8.019263
v 7.629340 0.267539 -7.994013
v 7.541552 0.144041 -8.019263
v 7.538946 0.177144 -7.994013
v 7.509222 0.080590 -8.019263
v 7.480909 0.063241 -7.994013
v 7.482476 -0.088273 -8.019263
v 7.460911 -0.063023 -7.994013
v 7.493617 -0.158608 -8.019263
v 7.480909 -0.189286 -7.994013
v 7.571235 -0.310942 -8.019263
v 7.538946 -0.303190 -7.994013
v 7.621589 -0.361297 -8.019263
v 7.629340 -0.393585 -7.994013
v 7.773922 -0.438915 -8.019263
v 7.743244 -0.451622 -7.994013
v 7.844258 -0.450054 -8.019263
v 7.869508 -0.471620 -7.994013
v 8.013122 -0.423309 -8.019263
v 7.995771 -0.451622 -7.994013
v 8.076572 -0.390979 -8.019263
v 8.109675 -0.393585 -7.994013
v 8.197464 -0.270087 -8.019263
v 8.200069 -0.303190 -7.994013
v 8.229794 -0.206636 -8.019263
v 8.258106 -0.189286 -7.994013
v 8.256539 -0.037773 -8.019263
v 8.278105 -0.063023 -7.994013
v 9.903811 0.571413 -8.019263
v 9.867892 0.586291 -7.994013
v 9.578511 1.209851 -8.019263
v 9.569435 1.172046 -7.994013
v 9.142382 1.645980 -8.019263
v 9.104577 1.636904 -7.994013
v 8.503944 1.971280 -8.019263
v 8.518822 1.935361 -7.994013
v 7.894757 2.067766 -8.019263
v 7.869508 2.038202 -7.994013
v 7.187044 1.955675 -8.019263
v 7.220194 1.935361 -7.994013
v 6.637489 1.675663 -8.019263
v 6.634439 1.636904 -7.994013
v 6.130822 1.168995 -8.019263
v 6.169581 1.172046 -7.994013
v 5.850810 0.619441 -8.019263
v 5.871124 0.586291 -7.994013
v 5.738719 -0.088273 -8.019263
v 5.768283 -0.063023 -7.994013
v 5.835205 -0.697459 -8.019263
v 5.871124 -0.712337 -7.994013
v 6.160505 -1.335896 -8.019263
v 6.169581 -1.298092 -7.994013
v 6.596634 -1.772026 -8.019263
v 6.634439 -1.762949 -7.994013
v 7.235072 -2.097326 -8.019263
v 7.220194 -2.061406 -7.994013
v 7.844258 -2.193811 -8.019263
v 7.869508 -2.164247 -7.994013
v 8.551971 -2.081720 -8.019263
v 8.518822 -2.061406 -7.994013
v 9.101526 -1.801708 -8.019263
v 9.104576 -1.762949 -7.994013
v 9.608192 -1.295042 -8.019263
v 9.569434 -1.298092 -7.994013
v 9.888205 -0.745487 -8.019263
v 9.867891 -0.712337 -7.994013
v 10.000296 -0.037773 -8.019263
v 9.970732 -0.063023 -7.994013
v 10.176669 0.686619 -8.019263
v 10.200983 0.694519 -7.994013
v 9.832096 1.362881 -8.019263
v 9.852779 1.377908 -7.994013
v 9.295412 1.899566 -8.019263
v 9.310438 1.920248 -7.994013
v 8.619150 2.244138 -8.019263
v 8.627050 2.268452 -7.994013
v 7.869508 2.362870 -8.019263
v 7.869508 2.388434 -7.994013
v 7.119866 2.244138 -8.019263
v 7.111966 2.268451 -7.994013
v 6.443604 1.899565 -8.019263
v 6.428577 1.920247 -7.994013
v 5.906919 1.362881 -8.019263
v 5.886237 1.377907 -7.994013
v 5.562346 0.686619 -8.019263
v 5.538033 0.694519 -7.994013
v 5.443616 -0.063023 -8.019263
v 5.418052 -0.063023 -7.994013
v 5.562346 -0.812665 -8.019263
v 5.538033 -0.820565 -7.994013
v 5.906920 -1.488927 -8.019263
v 5.886238 -1.503953 -7.994013
v 6.443604 -2.025611 -8.019263
v 6.428577 -2.046293 -7.994013
v 7.119866 -2.370183 -8.019263
v 7.111966 -2.394496 -7.994013
v 7.869508 -2.488914 -8.019263
v 7.869508 -2.514479 -7.994013
v 8.619150 -2.370183 -8.019263
v 8.627049 -2.394496 -7.994013
v 9.295410 -2.025611 -8.019263
v 9.310437 -2.046293 -7.994013
v 9.832095 -1.488927 -8.019263
v 9.852777 -1.503953 -7.994013
v 10.176668 -0.812665 -8.019263
v 10.200981 -0.820565 -7.994013
v 10.295399 -0.063023 -8.019263
v 10.320964 -0.063023 -7.994013
v 10.200983 0.694519 -7.627019
v 10.176669 0.686619 -7.601769
v 9.852779 1.377908 -7.627019
v 9.832096 1.362881 -7.601769
v 9.310438 1.920248 -7.627019
v 9.295412 1.899566 -7.601769
v 8.627050 2.268452 -7.627019
v 8.619150 2.244138 -7.601769
v 7.869508 2.388434 -7.627019
v 7.869508 2.362870 -7.601769
v 7.111966 2.268451 -7.627019
v 7.119866 2.244138 -7.601769
v 6.428577 1.920247 -7.627019
v 6.443604 1.899565 -7.601769
v 5.886237 1.377907 -7.627019
v 5.906919 1.362881 -7.601769
v 5.538033 0.694519 -7.627019
v 5.562346 0.686619 -7.601769
v 5.418052 -0.063023 -7.627019
v 5.443616 -0.063023 -7.601769
v 5.538033 -0.820565 -7.627019
v 5.562346 -0.812665 -7.601769
v 5.886238 -1.503953 -7.627019
v 5.906920 -1.488927 -7.601769
v 6.428577 -2.046293 -7.627019
v 6.443604 -2.025611 -7.601769
v 7.111966 -2.394496 -7.627019
v 7.119866 -2.370183 -7.601769
v 7.869508 -2.514479 -7.627019
v 7.869508 -2.488914 -7.601769
v 8.627049 -2.394496 -7.627019
v 8.619150 -2.370183 -7.601769
v 9.310437 -2.046293 -7.627019
v 9.295410 -2.025611 -7.601769
v 9.852777 -1.503953 -7.627019
v 9.832095 -1.488927 -7.601769
v 10.200981 -0.820565 -7.627019
v 10.176668 -0.812665 -7.601769
v 10.320964 -0.063023 -7.627019
v 10.295399 -0.063023 -7.601769
v 9.903811 0.571413 -7.601769
v 9.867892 0.586291 -7.627019
v 9.578511 1.209851 -7.601769
v 9.569435 1.172046 -7.627019
v 9.142382 1.645980 -7.601769
v 9.104577 1.636904 -7.627019
v 8.503944 1.971280 -7.601769
v 8.518822 1.935361 -7.627019
v 7.894757 2.067766 -7.601769
v 7.869508 2.038202 -7.627019
v 7.187044 1.955675 -7.601769
v 7.220194 1.935361 -7.627019
v 6.637489 1.675663 -7.601769
v 6.634439 1.636904 -7.627019
v 6.130822 1.168995 -7.601769
v 6.169581 1.172046 -7.627019
v 5.850810 0.619441 -7.601769
v 5.871124 0.586291 -7.627019
v 5.738719 -0.088273 -7.601769
v 5.768283 -0.063023 -7.627019
v 5.835205 -0.697459 -7.601769
v 5.871124 -0.712337 -7.627019
v 6.160505 -1.335896 -7.601769
v 6.169581 -1.298092 -7.627019
v 6.596634 -1.772026 -7.601769
v 6.634439 -1.762949 -7.627019
v 7.235072 -2.097326 -7.601769
v 7.220194 -2.061406 -7.627019
v 7.844258 -2.193811 -7.601769
v 7.869508 -2.164247 -7.627019
v 8.551971 -2.081720 -7.601769
v 8.518822 -2.061406 -7.627019
v 9.101526 -1.801708 -7.601769
v 9.104576 -1.762949 -7.627019
v 9.608192 -1.295042 -7.601769
v 9.569434 -1.298092 -7.627019
v 9.888205 -0.745487 -7.601769
v 9.867891 -0.712337 -7.627019
v 10.000296 -0.037773 -7.601769
v 9.970732 -0.063023 -7.627019
v 8.245399 0.032563 -7.601769
v 8.258106 0.063241 -7.627019
v 8.167781 0.184896 -7.601769
v 8.200069 0.177145 -7.627019
v 8.117427 0.235251 -7.601769
v 8.109675 0.267539 -7.627019
v 7.965094 0.312869 -7.601769
v 7.995771 0.325576 -7.627019
v 7.894757 0.324009 -7.601769
v 7.869508 0.345574 -7.627019
v 7.725894 0.297264 -7.601769
v 7.743244 0.325576 -7.627019
v 7.662443 0.264934 -7.601769
v 7.629340 0.267539 -7.627019
v 7.541552 0.144041 -7.601769
v 7.538946 0.177144 -7.627019
v 7.509222 0.080590 -7.601769
v 7.480909 0.063241 -7.627019
v 7.482476 -0.088273 -7.601769
v 7.460911 -0.063023 -7.627019
v 7.493617 -0.158608 -7.601769
v 7.480909 -0.189286 -7.627019
v 7.571235 -0.310942 -7.601769
v 7.538946 -0.303190 -7.627019
v 7.621589 -0.361297 -7.601769
v 7.629340 -0.393585 -7.627019
v 7.773922 -0.438915 -7.601769
v 7.743244 -0.451622 -7.627019
v 7.844258 -0.450054 -7.601769
v 7.869508 -0.471620 -7.627019
v 8.013122 -0.423309 -7.601769
v 7.995771 -0.451622 -7.627019
v 8.076572 -0.390979 -7.601769
v 8.109675 -0.393585 -7.627019
v 8.197464 -0.270087 -7.601769
v 8.200069 -0.303190 -7.627019
v 8.229794 -0.206636 -7.601769
v 8.258106 -0.189286 -7.627019
v 8.256539 -0.037773 -7.601769
v 8.278105 -0.063023 -7.627019
v 7.869508 -0.063023 4.741993
v 7.869508 -0.063023 5.159487
v 8.245399 0.032563 4.741993
v 8.258106 0.063241 4.767243
v 8.167781 0.184896 4.741993
v 8.200069 0.177145 4.767243
v 8.117427 0.235251 4.741993
v 8.109675 0.267539 4.767243
v 7.965094 0.312869 4.741993
v 7.995771 0.325576 4.767243
v 7.894757 0.324009 4.741993
v 7.869508 0.345574 4.767243
v 7.725894 0.297264 4.741993
v 7.743244 0.325576 4.767243
v 7.662443 0.264934 4.741993
v 7.629340 0.267539 4.767243
v 7.541552 0.144041 4.741993
v 7.538946 0.177144 4.767243
v 7.509222 0.080590 4.741993
v 7.480909 0.063241 4.767243
v 7.482476 -0.088273 4.741993
v 7.460911 -0.063023 4.767243
v 7.493617 -0.158608 4.741993
v 7.480909 -0.189286 4.767243
v 7.571235 -0.310942 4.741993
v 7.538946 -0.303190 4.767243
v 7.621589 -0.361297 4.741993
v 7.629340 -0.393585 4.767243
v 7.773922 -0.438915 4.741993
v 7.743244 -0.451622 4.767243
v 7.844258 -0.450054 4.741993
v 7.869508 -0.471620 4.767243
v 8.013122 -0.423309 4.741993
v 7.995771 -0.451622 4.767243
v 8.076572 -0.390979 4.741993
v 8.109675 -0.393585 4.767243
v 8.197464 -0.270087 4.741993
v 8.200069 -0.303190 4.767243
v 8.229794 -0.206636 4.741993
v 8.258106 -0.189286 4.767243
v 8.256539 -0.037773 4.741993
v 8.278105 -0.063023 4.767243
v 9.903811 0.571413 4.741993
v 9.867892 0.586291 4.767243
v 9.578511 1.209851 4.741993
v 9.569435 1.172046 4.767243
v 9.142382 1.645980 4.741993
v 9.104577 1.636904 4.767243
v 8.503944 1.971280 4.741993
v 8.518822 1.935361 4.767243
v 7.894757 2.067766 4.741993
v 7.869508 2.038202 4.767243
v 7.187044 1.955675 4.741993
v 7.220194 1.935361 4.767243
v 6.637489 1.675663 4.741993
v 6.634439 1.636904 4.767243
v 6.130822 1.168995 4.741993
v 6.169581 1.172046 4.767243
v 5.850810 0.619441 4.741993
v 5.871124 0.586291 4.767243
v 5.738719 -0.088273 4.741993
v 5.768283 -0.063023 4.767243
v 5.835205 -0.697459 4.741993
v 5.871124 -0.712337 4.767243
v 6.160505 -1.335896 4.741993
v 6.169581 -1.298092 4.767243
v 6.596634 -1.772026 4.741993
v 6.634439 -1.762949 4.767243
v 7.235072 -2.097326 4.741993
v 7.220194 -2.061406 4.767243
v 7.844258 -2.193811 4.741993
v 7.869508 -2.164247 4.767243
v 8.551971 -2.081720 4.741993
v 8.518822 -2.061406 4.767243
v 9.101526 -1.801708 4.741993
v 9.104576 -1.762949 4.767243
v 9.608192 -1.295042 4.741993
v 9.569434 -1.298092 4.767243
v 9.888205 -0.745487 4.741993
v 9.867891 -0.712337 4.767243
v 10.000296 -0.037773 4.741993
v 9.970732 -0.063023 4.767243
v 10.176669 0.686619 4.741993
v 10.200983 0.694519 4.767243
v 9.832096 1.362881 4.741993
v 9.852779 1.377908 4.767243
v 9.295412 1.899566 4.741993
v 9.310438 1.920248 4.767243
v 8.619150 2.244138 4.741993
v 8.627050 2.268452 4.767243
v 7.869508 2.362870 4.741993
v 7.869508 2.388434 4.767243
v 7.119866 2.244138 4.741993
v 7.111966 2.268451 4.767243
v 6.443604 1.899565 4.741993
v 6.428577 1.920247 4.767243
v 5.906919 1.362881 4.741993
v 5.886237 1.377907 4.767243
v 5.562346 0.686619 4.741993
v 5.538033 0.694519 4.767243
v 5.443616 -0.063023 4.741993
v 5.418052 -0.063023 4.767243
v 5.562346 -0.812665 4.741993
v 5.538033 -0.820565 4.767243
v 5.906920 -1.488927 4.741993
v 5.886238 -1.503953 4.767243
v 6.443604 -2.025611 4.741993
v 6.428577 -2.046293 4.767243
v 7.119866 -2.370183 4.741993
v 7.111966 -2.394496 4.767243
v 7.869508 -2.488914 4.741993
v 7.869508 -2.514479 4.767243
v 8.619150 -2.370183 4.741993
v 8.627049 -2.394496 4.767243
v 9.295410 -2.025611 4.741993
v 9.310437 -2.046293 4.767243
v 9.832095 -1.488927 4.741993
v 9.852777 -1.503953 4.767243
v 10.176668 -0.812665 4.741993
v 10.200981 -0.820565 4.767243
v 10.295399 -0.063023 4.741993
v 10.320964 -0.063023 4.767243
v 10.200983 0.694519 5.134237
v 10.176669 0.686619 5.159487
v 9.852779 1.377908 5.134237
v 9.832096 1.362881 5.159487
v 9.310438 1.920248 5.134237
v 9.295412 1.899566 5.159487
v 8.627050 2.268452 5.134237
v 8.619150 2.244138 5.159487
v 7.869508 2.388434 5.134237
v 7.869508 2.362870 5.159487
v 7.111966 2.268451 5.134237
v 7.119866 2.244138 5.159487
v 6.428577 1.920247 5.134237
v 6.443604 1.899565 5.159487
v 5.886237 1.377907 5.134237
v 5.906919 1.362881 5.159487
v 5.538033 0.694519 5.134237
v 5.562346 0.686619 5.159487
v 5.418052 -0.063023 5.134237
v 5.443616 -0.063023 5.159487
v 5.538033 -0.820565 5.134237
v 5.562346 -0.812665 5.159487
v 5.886238 -1.503953 5.134237
v 5.906920 -1.488927 5.159487
v 6.428577 -2.046293 5.134237
v 6.443604 -2.025611 5.159487
v 7.111966 -2.394496 5.134237
v 7.119866 -2.370183 5.159487
v 7.869508 -2.514479 5.134237
v 7.869508 -2.488914 5.159487
v 8.627049 -2.394496 5.134237
v 8.619150 -2.370183 5.159487
v 9.310437 -2.046293 5.134237
v 9.295410 -2.025611 5.159487
v 9.852777 -1.503953 5.134237
v 9.832095 -1.488927 5.159487
v 10.200981 -0.820565 5.134237
v 10.176668 -0.812665 5.159487
v 10.320964 -0.063023 5.134237
v 10.295399 -0.063023 5.159487
v 9.903811 0.571413 5.159487
v 9.867892 0.586291 5.134237
v 9.578511 1.209851 5.159487
v 9.569435 1.172046 5.134237
v 9.142382 1.645980 5.159487
v 9.104577 1.636904 5.134237
v 8.503944 1.971280 5.159487
v 8.518822 1.935361 5.134237
v 7.894757 2.067766 5.159487
v 7.869508 2.038202 5.134237
v 7.187044 1.955675 5.159487
v 7.220194 1.935361 5.134237
v 6.637489 1.675663 5.159487
v 6.634439 1.636904 5.134237
v 6.130822 1.168995 5.159487
v 6.169581 1.172046 5.134237
v 5.850810 0.619441 5.159487
v 5.871124 0.586291 5.134237
v 5.738719 -0.088273 5.159487
v 5.768283 -0.063023 5.134237
v 5.835205 -0.697459 5.159487
v 5.871124 -0.712337 5.134237
v 6.160505 -1.335896 5.159487
v 6.169581 -1.298092 5.134237
v 6.596634 -1.772026 5.159487
v 6.634439 -1.762949 5.134237
v 7.235072 -2.097326 5.159487
v 7.220194 -2.061406 5.134237
v 7.844258 -2.193811 5.159487
v 7.869508 -2.164247 5.134237
v 8.551971 -2.081720 5.159487
v 8.518822 -2.061406 5.134237
v 9.101526 -1.801708 5.159487
v 9.104576 -1.762949 5.134237
v 9.608192 -1.295042 5.159487
v 9.569434 -1.298092 5.134237
v 9.888205 -0.745487 5.159487
v 9.867891 -0.712337 5.134237
v 10.000296 -0.037773 5.159487
v 9.970732 -0.063023 5.134237
v 8.245399 0.032563 5.159487
v 8.258106 0.063241 5.134237
v 8.167781 0.184896 5.159487
v 8.200069 0.177145 5.134237
v 8.117427 0.235251 5.159487
v 8.109675 0.267539 5.134237
v 7.965094 0.312869 5.159487
v 7.995771 0.325576 5.134237
v 7.894757 0.324009 5.159487
v 7.869508 0.345574 5.134237
v 7.725894 0.297264 5.159487
v 7.743244 0.325576 5.134237
v 7.662443 0.264934 5.159487
v 7.629340 0.267539 5.134237
v 7.541552 0.144041 5.159487
v 7.538946 0.177144 5.134237
v 7.509222 0.080590 5.159487
v 7.480909 0.063241 5.134237
v 7.482476 -0.088273 5.159487
v 7.460911 -0.063023 5.134237
v 7.493617 -0.158608 5.159487
v 7.480909 -0.189286 5.134237
v 7.571235 -0.310942 5.159487
v 7.538946 -0.303190 5.134237
v 7.621589 -0.361297 5.159487
v 7.629340 -0.393585 5.134237
v 7.773922 -0.438915 5.159487
v 7.743244 -0.451622 5.134237
v 7.844258 -0.450054 5.159487
v 7.869508 -0.471620 5.134237
v 8.013122 -0.423309 5.159487
v 7.995771 -0.451622 5.134237
v 8.076572 -0.390979 5.159487
v 8.109675 -0.393585 5.134237
v 8.197464 -0.270087 5.159487
v 8.200069 -0.303190 5.134237
v 8.229794 -0.206636 5.159487
v 8.258106 -0.189286 5.134237
v 8.256539 -0.037773 5.159487
v 8.278105 -0.063023 5.134237
v 7.874390 -0.051859 -8.689138
v 7.874390 -0.051859 5.687638
v 8.090897 0.073141 -8.568411
v 7.982655 0.010648 -8.689138
v 7.999390 0.164648 -8.568411
v 7.936897 0.056406 -8.689138
v 7.874390 0.198141 -8.568411
v 7.874390 0.073155 -8.689138
v 7.749390 0.164648 -8.568411
v 7.811883 0.056406 -8.689138
v 7.657884 0.073141 -8.568411
v 7.766125 0.010648 -8.689138
v 7.624390 -0.051859 -8.568411
v 7.749377 -0.051859 -8.689138
v 7.657884 -0.176859 -8.568411
v 7.766125 -0.114366 -8.689138
v 7.749390 -0.268365 -8.568411
v 7.811883 -0.160124 -8.689138
v 7.874390 -0.301859 -8.568411
v 7.874390 -0.176872 -8.689138
v 7.999390 -0.268365 -8.568411
v 7.936897 -0.160124 -8.689138
v 8.090897 -0.176859 -8.568411
v 7.982655 -0.114366 -8.689138
v 8.124390 -0.051859 -8.568411
v 7.999403 -0.051859 -8.689138
v 8.090897 0.073141 5.566910
v 7.982655 0.010648 5.687638
v 7.999390 0.164648 5.566910
v 7.936897 0.056406 5.687638
v 7.874390 0.198141 5.566910
v 7.874390 0.073155 5.687638
v 7.749390 0.164648 5.566910
v 7.811883 0.056406 5.687638
v 7.657884 0.073141 5.566910
v 7.766125 0.010648 5.687638
v 7.624390 -0.051859 5.566910
v 7.749377 -0.051859 5.687638
v 7.657884 -0.176859 5.566910
v 7.766125 -0.114366 5.687638
v 7.749390 -0.268365 5.566910
v 7.811883 -0.160124 5.687638
v 7.874390 -0.301859 5.566910
v 7.874390 -0.176872 5.687638
v 7.999390 -0.268365 5.566910
v 7.936897 -0.160124 5.687638
v 8.090897 -0.176859 5.566910
v 7.982655 -0.114366 5.687638
v 8.124390 -0.051859 5.566910
v 7.999403 -0.051859 5.687638
vt 0.394231 0.000000
vt 0.413462 0.000000
vt 0.432692 0.000000
vt 0.451923 0.000000
vt 0.471154 0.000000
vt 0.490385 0.000000
vt 0.509615 0.000000
vt 0.528846 0.000000
vt 0.548077 0.000000
vt 0.567308 0.000000
vt 0.586539 0.000000
vt 0.605769 0.000000
vt 0.413462 0.000000
vt 0.432692 0.000000
vt 0.451923 0.000000
vt 0.471154 0.000000
vt 0.490385 0.000000
vt 0.509615 0.000000
vt 0.528846 0.000000
vt 0.548077 0.000000
vt 0.567308 0.000000
vt 0.586539 0.000000
vt 0.605769 0.000000
vt 0.375000 0.335980
vt 0.375000 0.914020
vt 0.375717 0.962742
vt 0.624284 0.037258
vt 0.394231 0.000000
vt 0.375717 0.962742
vt 0.375000 0.914020
vt 0.625000 0.028660
vt 0.624284 0.037258
vt 0.375717 0.250000
vt 0.375000 0.528660
vt 0.625000 0.221340
vt 0.625000 0.500000
vt 0.375000 1.000000
vt 0.375000 0.750000
vt 0.625000 1.000000
vt 0.624284 1.000000
vt 0.625000 0.721340
vt 0.625000 0.750000
vt 0.375000 0.721340
vt 0.375717 0.500000
vt 0.393514 0.500000
vt 0.394231 0.528660
vt 0.394231 0.721340
vt 0.393514 0.750000
vt 0.375717 0.750000
vt 0.375717 0.721340
vt 0.413462 0.721340
vt 0.414178 0.500000
vt 0.431976 0.500000
vt 0.432692 0.528660
vt 0.432692 0.721340
vt 0.431976 0.750000
vt 0.414178 0.750000
vt 0.414178 0.721340
vt 0.451923 0.721340
vt 0.452640 0.500000
vt 0.470437 0.500000
vt 0.471154 0.528660
vt 0.471154 0.721340
vt 0.470437 0.750000
vt 0.452640 0.750000
vt 0.452640 0.721340
vt 0.490385 0.721340
vt 0.491101 0.500000
vt 0.508899 0.500000
vt 0.509615 0.528660
vt 0.509615 0.721340
vt 0.508899 0.750000
vt 0.491101 0.750000
vt 0.491101 0.721340
vt 0.528846 0.721340
vt 0.529563 0.500000
vt 0.547361 0.500000
vt 0.548077 0.528660
vt 0.548077 0.721340
vt 0.547361 0.750000
vt 0.529563 0.750000
vt 0.529563 0.721340
vt 0.567308 0.721340
vt 0.568024 0.500000
vt 0.585822 0.500000
vt 0.586539 0.528660
vt 0.586539 0.721340
vt 0.585822 0.750000
vt 0.568024 0.750000
vt 0.568024 0.721340
vt 0.605769 0.721340
vt 0.606486 0.500000
vt 0.624284 0.500000
vt 0.625000 0.528660
vt 0.625000 0.721340
vt 0.624284 0.750000
vt 0.606486 0.750000
vt 0.606486 0.721340
vt 0.375000 0.335980
vt 0.375000 0.500000
vt 0.624284 0.250000
vt 0.625000 0.528660
vt 0.375000 0.528660
vt 0.375717 0.528660
vt 0.393514 0.500000
vt 0.393514 0.528660
vt 0.393514 0.721340
vt 0.375717 0.721340
vt 0.375000 0.721340
vt 0.413462 0.528660
vt 0.413462 0.721340
vt 0.414178 0.528660
vt 0.431976 0.500000
vt 0.431976 0.528660
vt 0.431976 0.721340
vt 0.414178 0.721340
vt 0.414178 0.750000
vt 0.451923 0.528660
vt 0.451923 0.721340
vt 0.452640 0.528660
vt 0.470437 0.500000
vt 0.470437 0.528660
vt 0.470437 0.721340
vt 0.452640 0.721340
vt 0.452640 0.750000
vt 0.490385 0.528660
vt 0.490385 0.721340
vt 0.491101 0.528660
vt 0.508899 0.500000
vt 0.508899 0.528660
vt 0.508899 0.721340
vt 0.491101 0.721340
vt 0.491101 0.750000
vt 0.528846 0.528660
vt 0.528846 0.721340
vt 0.529563 0.528660
vt 0.547361 0.500000
vt 0.547361 0.528660
vt 0.547361 0.721340
vt 0.529563 0.721340
vt 0.529563 0.750000
vt 0.567308 0.528660
vt 0.567308 0.721340
vt 0.568024 0.528660
vt 0.585822 0.500000
vt 0.585822 0.528660
vt 0.585822 0.721340
vt 0.568024 0.721340
vt 0.568024 0.750000
vt 0.605769 0.528660
vt 0.605769 0.721340
vt 0.606486 0.528660
vt 0.624284 0.500000
vt 0.624284 0.528660
vt 0.624284 0.721340
vt 0.606486 0.721340
vt 0.606486 0.750000
vt 0.375000 0.721340
vt 0.375000 1.000000
vt 0.375717 1.000000
vt 0.625000 0.750000
vt 0.625000 1.000000
vt 0.394231 0.250000
vt 0.393514 0.498338
vt 0.413462 0.250000
vt 0.432692 0.250000
vt 0.431976 0.496756
vt 0.451923 0.250000
vt 0.471154 0.250000
vt 0.470437 0.498770
vt 0.490385 0.250000
vt 0.509615 0.250000
vt 0.508899 0.497143
vt 0.528846 0.250000
vt 0.548077 0.250000
vt 0.547361 0.496849
vt 0.567308 0.250000
vt 0.586539 0.250000
vt 0.585822 0.497778
vt 0.605769 0.250000
vt 0.624284 0.250000
vt 0.624284 0.499644
vt 0.375717 0.528660
vt 0.393514 0.528660
vt 0.393514 0.721340
vt 0.413462 0.528660
vt 0.394231 0.721340
vt 0.414178 0.528660
vt 0.431976 0.528660
vt 0.431976 0.721340
vt 0.451923 0.528660
vt 0.432692 0.721340
vt 0.452640 0.528660
vt 0.470437 0.528660
vt 0.470437 0.721340
vt 0.490385 0.528660
vt 0.471154 0.721340
vt 0.491101 0.528660
vt 0.508899 0.528660
vt 0.508899 0.721340
vt 0.528846 0.528660
vt 0.509615 0.721340
vt 0.529563 0.528660
vt 0.547361 0.528660
vt 0.547361 0.721340
vt 0.567308 0.528660
vt 0.548077 0.721340
vt 0.568024 0.528660
vt 0.585822 0.528660
vt 0.585822 0.721340
vt 0.605769 0.528660
vt 0.586539 0.721340
vt 0.606486 0.528660
vt 0.624284 0.528660
vt 0.624284 0.721340
vt 0.375717 0.750791
vt 0.393514 0.751662
vt 0.375717 1.000000
vt 0.394231 1.000000
vt 0.414178 0.751662
vt 0.431976 0.753244
vt 0.413462 1.000000
vt 0.432692 1.000000
vt 0.452640 0.753483
vt 0.470437 0.751230
vt 0.451923 1.000000
vt 0.471154 1.000000
vt 0.491101 0.751855
vt 0.508899 0.752857
vt 0.490385 1.000000
vt 0.509615 1.000000
vt 0.529563 0.751829
vt 0.547361 0.753152
vt 0.528846 1.000000
vt 0.548077 1.000000
vt 0.568024 0.752934
vt 0.585822 0.752222
vt 0.567308 1.000000
vt 0.586539 1.000000
vt 0.606486 0.752222
vt 0.605769 1.000000
vt 0.625000 0.028660
vt 0.875000 0.028660
vt 0.875000 0.221340
vt 0.125000 0.028660
vt 0.375000 0.028660
vt 0.375000 0.221340
vt 0.125000 0.221340
vt 0.375716 0.499209
vt 0.394231 0.528660
vt 0.375000 0.721340
vt 0.375000 0.528660
vt 0.414178 0.498338
vt 0.432692 0.528660
vt 0.413462 0.721340
vt 0.413462 0.528660
vt 0.452640 0.496517
vt 0.471154 0.528660
vt 0.451923 0.721340
vt 0.451923 0.528660
vt 0.491101 0.498145
vt 0.509615 0.528660
vt 0.490385 0.721340
vt 0.490385 0.528660
vt 0.529563 0.498171
vt 0.548077 0.528660
vt 0.528846 0.721340
vt 0.528846 0.528660
vt 0.568024 0.497066
vt 0.586539 0.528660
vt 0.567308 0.721340
vt 0.567308 0.528660
vt 0.606486 0.497778
vt 0.625000 0.528660
vt 0.624284 0.750356
vt 0.605769 0.721340
vt 0.605769 0.528660
vt 0.375717 0.250000
vt 0.375716 0.499209
vt 0.393514 0.498338
vt 0.394231 0.250000
vt 0.413462 0.250000
vt 0.414178 0.498338
vt 0.431976 0.496756
vt 0.432692 0.250000
vt 0.451923 0.250000
vt 0.452640 0.496517
vt 0.470437 0.498770
vt 0.471154 0.250000
vt 0.490385 0.250000
vt 0.491101 0.498145
vt 0.508899 0.497143
vt 0.509615 0.250000
vt 0.528846 0.250000
vt 0.529563 0.498171
vt 0.547361 0.496849
vt 0.548077 0.250000
vt 0.567308 0.250000
vt 0.568024 0.497066
vt 0.585822 0.497778
vt 0.586539 0.250000
vt 0.605769 0.250000
vt 0.606486 0.497778
vt 0.394231 0.528660
vt 0.413462 0.721340
vt 0.432692 0.528660
vt 0.451923 0.721340
vt 0.471154 0.528660
vt 0.490385 0.721340
vt 0.509615 0.528660
vt 0.528846 0.721340
vt 0.548077 0.528660
vt 0.567308 0.721340
vt 0.586539 0.528660
vt 0.605769 0.721340
vt 0.394231 1.000000
vt 0.393514 0.751662
vt 0.413462 1.000000
vt 0.432692 1.000000
vt 0.431976 0.753244
vt 0.451923 1.000000
vt 0.471154 1.000000
vt 0.470437 0.751230
vt 0.490385 1.000000
vt 0.509615 1.000000
vt 0.508899 0.752857
vt 0.528846 1.000000
vt 0.548077 1.000000
vt 0.547361 0.753151
vt 0.567308 1.000000
vt 0.586539 1.000000
vt 0.585822 0.752222
vt 0.605769 1.000000
vt 0.624284 1.000000
vt 0.624284 0.750356
vt 0.875000 0.028660
vt 0.625000 0.221340
vt 0.875000 0.221340
vt 0.125000 0.028660
vt 0.125000 0.221340
vt 0.375000 0.221340
vt 0.375000 0.028660
vt 0.375717 0.500000
vt 0.394231 0.528660
vt 0.394231 0.721340
vt 0.394231 0.721340
vt 0.393514 0.750000
vt 0.375717 0.750000
vt 0.375716 0.750791
vt 0.375000 0.528660
vt 0.414178 0.500000
vt 0.432692 0.528660
vt 0.432692 0.721340
vt 0.432692 0.721340
vt 0.431976 0.750000
vt 0.414178 0.751662
vt 0.413462 0.528660
vt 0.452640 0.500000
vt 0.471154 0.528660
vt 0.471154 0.721340
vt 0.471154 0.721340
vt 0.470437 0.750000
vt 0.452640 0.753483
vt 0.451923 0.528660
vt 0.491101 0.500000
vt 0.509615 0.528660
vt 0.509615 0.721340
vt 0.509615 0.721340
vt 0.508899 0.750000
vt 0.491101 0.751855
vt 0.490385 0.528660
vt 0.529563 0.500000
vt 0.548077 0.528660
vt 0.548077 0.721340
vt 0.548077 0.721340
vt 0.547361 0.750000
vt 0.529563 0.751829
vt 0.528846 0.528660
vt 0.568024 0.500000
vt 0.586539 0.528660
vt 0.586539 0.721340
vt 0.586539 0.721340
vt 0.585822 0.750000
vt 0.568024 0.752934
vt 0.567308 0.528660
vt 0.606486 0.500000
vt 0.624284 0.499644
vt 0.625000 0.528660
vt 0.625000 0.721340
vt 0.625000 0.721340
vt 0.624284 0.750000
vt 0.606486 0.752222
vt 0.605769 0.528660
vt 0.604157 0.583428
vt 0.612238 0.583238
vt 0.611226 0.666952
vt 0.604155 0.666381
vt 0.604156 0.083618
vt 0.611226 0.083048
vt 0.612238 0.166762
vt 0.604157 0.166572
vt 0.611194 0.003241
vt 0.611194 0.003241
vt 0.611226 0.083048
vt 0.612238 0.166762
vt 0.604157 0.166572
vt 0.604156 0.083618
vt 0.604157 0.583428
vt 0.604155 0.666381
vt 0.611226 0.666952
vt 0.612238 0.583238
vt 0.604156 0.083618
vt 0.604157 0.166572
vt 0.612238 0.166762
vt 0.611226 0.083048
vt 0.611194 0.003241
vt 0.611194 0.003241
vt 0.611226 0.083048
vt 0.612238 0.166762
vt 0.604157 0.166572
vt 0.604156 0.083618
vt 0.612183 0.246759
vt 0.611653 0.250000
vt 0.604735 0.250000
vt 0.604198 0.246708
vt 0.604196 0.003292
vt 0.604668 0.000000
vt 0.610731 0.000000
vt 0.611653 0.250000
vt 0.612183 0.246759
vt 0.604198 0.246708
vt 0.604735 0.250000
vt 0.604668 0.000000
vt 0.604196 0.003292
vt 0.610731 0.000000
vt 0.644598 0.003266
vt 0.624169 0.000000
vt 0.855402 0.000000
vt 0.855402 0.003266
vt 0.644598 0.083333
vt 0.624446 0.086600
vt 0.644598 0.083333
vt 0.625000 0.086600
vt 0.355402 0.083333
vt 0.375587 0.080067
vt 0.375587 0.169933
vt 0.355402 0.166667
vt 0.355402 0.083333
vt 0.375000 0.080067
vt 0.375000 0.169933
vt 0.355402 0.166667
vt 0.644598 0.166667
vt 0.623198 0.163400
vt 0.625000 0.163400
vt 0.644598 0.166667
vt 0.644598 0.246734
vt 0.623285 0.246734
vt 0.623309 0.269598
vt 0.611651 0.269523
vt 0.612183 0.246747
vt 0.644598 0.250000
vt 0.855402 0.246734
vt 0.855402 0.250000
vt 0.623309 0.480402
vt 0.623285 0.503266
vt 0.612175 0.503266
vt 0.612181 0.480402
vt 0.875000 0.246734
vt 0.855402 0.166667
vt 0.875000 0.166667
vt 0.875000 0.163660
vt 0.855402 0.166667
vt 0.875000 0.163400
vt 0.144598 0.166667
vt 0.125000 0.166667
vt 0.125000 0.083333
vt 0.144598 0.083333
vt 0.144598 0.166667
vt 0.125000 0.169933
vt 0.125000 0.080067
vt 0.144598 0.083333
vt 0.855402 0.083333
vt 0.875000 0.083333
vt 0.875000 0.086600
vt 0.855402 0.083333
vt 0.875000 0.003266
vt 0.624157 0.746734
vt 0.624169 0.769598
vt 0.611193 0.769598
vt 0.611187 0.746734
vt 0.375000 0.769598
vt 0.375000 0.746735
vt 0.604186 0.746734
vt 0.604198 0.769598
vt 0.125000 0.003266
vt 0.144598 0.000000
vt 0.144598 0.000000
vt 0.125000 0.003266
vt 0.144598 0.003266
vt 0.144598 0.080067
vt 0.355402 0.000000
vt 0.355402 0.003266
vt 0.375000 0.003266
vt 0.355402 0.000000
vt 0.604198 0.000000
vt 0.604196 0.003279
vt 0.375000 0.003266
vt 0.355402 0.080067
vt 0.144598 0.169933
vt 0.144598 0.246734
vt 0.125000 0.246734
vt 0.355402 0.169933
vt 0.375000 0.246734
vt 0.355402 0.246734
vt 0.375000 0.269598
vt 0.375000 0.246734
vt 0.604198 0.246722
vt 0.604733 0.269675
vt 0.355402 0.250000
vt 0.144598 0.250000
vt 0.375000 0.500000
vt 0.375000 0.480402
vt 0.604200 0.480402
vt 0.604190 0.503266
vt 0.144598 0.250000
vt 0.125000 0.246734
vt 0.855402 0.086600
vt 0.855402 0.163400
vt 0.644598 0.086600
vt 0.644598 0.163400
vt 0.604662 0.000000
vt 0.610731 0.000000
vt 0.644598 0.003266
vt 0.624542 0.000000
vt 0.624537 0.083324
vt 0.644598 0.083333
vt 0.855402 0.003266
vt 0.855402 0.000000
vt 0.624542 0.769598
vt 0.624537 0.746734
vt 0.611187 0.746734
vt 0.611193 0.769598
vt 0.875000 0.003266
vt 0.855402 0.083333
vt 0.875000 0.083333
vt 0.855402 0.083333
vt 0.875000 0.086600
vt 0.644598 0.086600
vt 0.625000 0.083333
vt 0.625000 0.163400
vt 0.644598 0.163400
vt 0.855402 0.086600
vt 0.855402 0.163400
vt 0.875000 0.163400
vt 0.855402 0.166667
vt 0.855402 0.166667
vt 0.875000 0.160294
vt 0.644598 0.166667
vt 0.624813 0.163400
vt 0.644598 0.166667
vt 0.875000 0.166667
vt 0.855402 0.246734
vt 0.875000 0.246734
vt 0.624681 0.503266
vt 0.624683 0.480402
vt 0.612181 0.480402
vt 0.612175 0.503266
vt 0.855402 0.250000
vt 0.644598 0.246734
vt 0.644598 0.250000
vt 0.624683 0.269598
vt 0.624682 0.246734
vt 0.612183 0.246747
vt 0.611651 0.269523
vt 0.125000 0.003266
vt 0.144598 0.000000
vt 0.144598 0.000000
vt 0.125000 0.000000
vt 0.144598 0.003266
vt 0.125000 0.080067
vt 0.144598 0.080067
vt 0.355402 0.003266
vt 0.355402 0.000000
vt 0.375000 0.003266
vt 0.375084 0.003266
vt 0.355402 0.000000
vt 0.355402 0.080067
vt 0.375000 0.080067
vt 0.355402 0.083333
vt 0.355402 0.083333
vt 0.375389 0.080067
vt 0.144598 0.083333
vt 0.125000 0.083333
vt 0.144598 0.083333
vt 0.355402 0.166667
vt 0.375388 0.169931
vt 0.355402 0.166667
vt 0.375000 0.169933
vt 0.125000 0.166667
vt 0.144598 0.166667
vt 0.125000 0.169933
vt 0.144598 0.166667
vt 0.144598 0.169933
vt 0.125000 0.246734
vt 0.144598 0.246734
vt 0.355402 0.169933
vt 0.355402 0.246734
vt 0.375000 0.246734
vt 0.355402 0.250000
vt 0.355402 0.250000
vt 0.375090 0.246732
vt 0.144598 0.250000
vt 0.125000 0.250000
vt 0.144598 0.250000
vt 0.375000 0.000000
vt 0.604196 0.003279
vt 0.604198 0.000000
vt 0.375085 0.746735
vt 0.375000 0.769599
vt 0.604198 0.769598
vt 0.604189 0.746734
vt 0.604733 0.269675
vt 0.604198 0.246721
vt 0.375000 0.480394
vt 0.375084 0.503266
vt 0.604190 0.503266
vt 0.604200 0.480402
vt 0.604662 0.000000
vt 0.610731 0.000000
vt 0.125000 0.080421
vt 0.355402 0.250000
vt 0.125000 0.169755
vt 0.875000 0.089825
vt 0.611193 0.972284
vt 0.610731 1.000000
vt 0.604666 0.980325
vt 0.375000 0.503265
vt 0.375587 0.580067
vt 0.375587 0.669933
vt 0.375000 0.980402
vt 0.623198 0.586600
vt 0.624446 0.663400
vt 0.612369 0.000000
vt 0.125000 0.076236
vt 0.125000 0.003231
vt 0.125000 0.246799
vt 0.125000 0.169223
vt 0.875000 0.086310
vt 0.625000 0.083333
vt 0.625000 0.090240
vt 0.604666 0.980325
vt 0.610731 1.000000
vt 0.611193 0.972284
vt 0.375000 0.269584
vt 0.375389 0.580067
vt 0.375384 0.669933
vt 0.375000 0.980400
vt 0.624813 0.586600
vt 0.624550 0.663400
vt 0.611841 0.000000
vt 0.612369 1.000000
vt 0.624169 1.000000
vt 0.611841 1.000000
vt 0.624542 1.000000
vt 0.611193 1.000000
vt 0.611193 1.000000
vt 0.547914 0.143797
vt 0.549534 0.183682
vt 0.599068 0.169534
vt 0.604070 0.124128
vt 0.538020 0.124379
vt 0.542136 0.170919
vt 0.587414 0.091192
vt 0.584273 0.144008
vt 0.531602 0.117961
vt 0.530614 0.160790
vt 0.561228 0.123751
vt 0.565314 0.069092
vt 0.512184 0.108067
vt 0.516095 0.154287
vt 0.532480 0.052236
vt 0.532189 0.110745
vt 0.503219 0.106647
vt 0.500000 0.152046
vt 0.500000 0.106263
vt 0.501609 0.047347
vt 0.481694 0.110056
vt 0.483905 0.154287
vt 0.465139 0.053010
vt 0.467811 0.110745
vt 0.473606 0.114177
vt 0.469386 0.160790
vt 0.438772 0.123751
vt 0.437290 0.067200
vt 0.458196 0.129587
vt 0.457864 0.170919
vt 0.411114 0.093218
vt 0.415727 0.144008
vt 0.454075 0.137675
vt 0.450466 0.183682
vt 0.400932 0.169534
vt 0.396924 0.121067
vt 0.450666 0.159200
vt 0.447917 0.197830
vt 0.391040 0.157502
vt 0.395833 0.197830
vt 0.452086 0.168165
vt 0.450466 0.211978
vt 0.400932 0.226126
vt 0.395930 0.188372
vt 0.461979 0.187583
vt 0.457864 0.224741
vt 0.412586 0.221308
vt 0.415727 0.251651
vt 0.468398 0.194002
vt 0.469386 0.234869
vt 0.438772 0.271909
vt 0.434686 0.243408
vt 0.487816 0.203896
vt 0.483905 0.241372
vt 0.467520 0.260264
vt 0.467811 0.284915
vt 0.496781 0.205316
vt 0.500000 0.243613
vt 0.500000 0.289397
vt 0.498391 0.265153
vt 0.518306 0.201907
vt 0.516095 0.241372
vt 0.534861 0.259490
vt 0.532189 0.284915
vt 0.526394 0.197786
vt 0.530614 0.234869
vt 0.561228 0.271909
vt 0.562710 0.245300
vt 0.541804 0.182376
vt 0.542136 0.224741
vt 0.588886 0.219282
vt 0.584273 0.251651
vt 0.545925 0.174288
vt 0.549534 0.211978
vt 0.599068 0.226125
vt 0.603076 0.191433
vt 0.549334 0.152763
vt 0.552083 0.197830
vt 0.608960 0.154998
vt 0.604167 0.197830
vt 0.644987 0.109141
vt 0.648603 0.107966
vt 0.656250 0.156250
vt 0.652448 0.156250
vt 0.623333 0.066643
vt 0.626409 0.064408
vt 0.589607 0.032917
vt 0.591842 0.029841
vt 0.547109 0.011263
vt 0.548284 0.007647
vt 0.500000 0.003802
vt 0.500000 -0.000000
vt 0.452891 0.011263
vt 0.451716 0.007647
vt 0.410393 0.032917
vt 0.408159 0.029841
vt 0.376667 0.066643
vt 0.373591 0.064409
vt 0.355013 0.109141
vt 0.351397 0.107966
vt 0.347552 0.156250
vt 0.343750 0.156250
vt 0.355013 0.203359
vt 0.351397 0.204534
vt 0.376667 0.245857
vt 0.373591 0.248091
vt 0.410393 0.279583
vt 0.408159 0.282659
vt 0.452891 0.301237
vt 0.451716 0.304853
vt 0.500000 0.308698
vt 0.500000 0.312500
vt 0.547109 0.301237
vt 0.548284 0.304853
vt 0.589607 0.279583
vt 0.591841 0.282659
vt 0.623333 0.245857
vt 0.626409 0.248091
vt 0.644987 0.203359
vt 0.648603 0.204534
vt 0.625000 0.665703
vt 0.624935 0.688440
vt 0.612565 0.688440
vt 0.612500 0.665703
vt 0.375065 0.688440
vt 0.375000 0.665703
vt 0.387500 0.665703
vt 0.387435 0.688440
vt 0.387565 0.688440
vt 0.400000 0.665703
vt 0.399935 0.688440
vt 0.400065 0.688440
vt 0.412500 0.665703
vt 0.412435 0.688440
vt 0.412565 0.688440
vt 0.425000 0.665703
vt 0.424935 0.688440
vt 0.425065 0.688440
vt 0.437500 0.665703
vt 0.437435 0.688440
vt 0.437565 0.688440
vt 0.450000 0.665703
vt 0.449935 0.688440
vt 0.450065 0.688440
vt 0.462500 0.665703
vt 0.462435 0.688440
vt 0.462565 0.688440
vt 0.475000 0.665703
vt 0.474935 0.688440
vt 0.475065 0.688440
vt 0.487500 0.665703
vt 0.487435 0.688440
vt 0.487565 0.688440
vt 0.500000 0.665703
vt 0.499935 0.688440
vt 0.500065 0.688440
vt 0.512500 0.665703
vt 0.512435 0.688440
vt 0.512565 0.688440
vt 0.525000 0.665703
vt 0.524935 0.688440
vt 0.525065 0.688440
vt 0.537500 0.665703
vt 0.537435 0.688440
vt 0.537565 0.688440
vt 0.550000 0.665703
vt 0.549935 0.688440
vt 0.550065 0.688440
vt 0.562500 0.665703
vt 0.562435 0.688440
vt 0.562565 0.688440
vt 0.575000 0.665703
vt 0.574935 0.688440
vt 0.575065 0.688440
vt 0.587500 0.665703
vt 0.587435 0.688440
vt 0.587565 0.688440
vt 0.600000 0.665703
vt 0.599935 0.688440
vt 0.600065 0.688440
vt 0.612435 0.688440
vt 0.604014 0.876230
vt 0.599068 0.830466
vt 0.549534 0.816318
vt 0.547914 0.855665
vt 0.587158 0.909064
vt 0.584273 0.855992
vt 0.538020 0.875083
vt 0.542136 0.829081
vt 0.565058 0.931164
vt 0.561228 0.876249
vt 0.530614 0.839210
vt 0.531602 0.881502
vt 0.532122 0.947820
vt 0.532189 0.889255
vt 0.512184 0.891396
vt 0.516095 0.845713
vt 0.501252 0.952710
vt 0.500000 0.893737
vt 0.500000 0.847953
vt 0.503218 0.892816
vt 0.464817 0.946826
vt 0.467811 0.889255
vt 0.481694 0.889407
vt 0.483905 0.845713
vt 0.436968 0.932636
vt 0.438772 0.876249
vt 0.469386 0.839210
vt 0.473606 0.885285
vt 0.410950 0.906460
vt 0.415727 0.855992
vt 0.458196 0.869875
vt 0.457864 0.829081
vt 0.396760 0.878611
vt 0.400932 0.830466
vt 0.450466 0.816318
vt 0.454075 0.861787
vt 0.391097 0.842141
vt 0.395833 0.802170
vt 0.450666 0.840263
vt 0.447917 0.802170
vt 0.395986 0.811270
vt 0.400932 0.773874
vt 0.450466 0.788022
vt 0.452086 0.831297
vt 0.412842 0.778436
vt 0.415727 0.748349
vt 0.461979 0.811879
vt 0.457864 0.775259
vt 0.434942 0.756336
vt 0.438772 0.728091
vt 0.469386 0.765131
vt 0.468398 0.805461
vt 0.467878 0.739680
vt 0.467811 0.715085
vt 0.487816 0.795567
vt 0.483905 0.758628
vt 0.498748 0.734790
vt 0.500000 0.710603
vt 0.500000 0.756387
vt 0.496781 0.794147
vt 0.535183 0.740674
vt 0.532189 0.715085
vt 0.518306 0.797556
vt 0.516095 0.758628
vt 0.563032 0.754864
vt 0.561228 0.728091
vt 0.530614 0.765131
vt 0.526394 0.801677
vt 0.589050 0.781040
vt 0.584273 0.748349
vt 0.541804 0.817087
vt 0.542136 0.775259
vt 0.603240 0.808889
vt 0.599068 0.773874
vt 0.549534 0.788022
vt 0.545925 0.825175
vt 0.608903 0.845359
vt 0.604167 0.802170
vt 0.549334 0.846700
vt 0.552083 0.802170
vt 0.375000 0.335237
vt 0.387500 0.335237
vt 0.400000 0.335237
vt 0.412500 0.335237
vt 0.425000 0.335237
vt 0.437500 0.335237
vt 0.450000 0.335237
vt 0.462500 0.335237
vt 0.475000 0.335237
vt 0.487500 0.335237
vt 0.500000 0.335237
vt 0.512500 0.335237
vt 0.525000 0.335237
vt 0.537500 0.335237
vt 0.550000 0.335237
vt 0.562500 0.335237
vt 0.575000 0.335237
vt 0.587500 0.335237
vt 0.600000 0.335237
vt 0.612500 0.335237
vt 0.625000 0.335237
vt 0.644987 0.890859
vt 0.623333 0.933357
vt 0.589607 0.967083
vt 0.547109 0.988737
vt 0.500000 0.996198
vt 0.452891 0.988737
vt 0.410393 0.967083
vt 0.376667 0.933357
vt 0.355013 0.890859
vt 0.347552 0.843750
vt 0.355013 0.796641
vt 0.376667 0.754143
vt 0.410393 0.720417
vt 0.452891 0.698763
vt 0.500000 0.691302
vt 0.547109 0.698763
vt 0.589607 0.720417
vt 0.623333 0.754143
vt 0.644987 0.796641
vt 0.652448 0.843750
vt 0.500000 0.150000
vt 0.500000 0.837500
vt 0.375000 0.315478
vt 0.380198 0.312500
vt 0.390635 0.312500
vt 0.395833 0.315478
vt 0.619802 0.312500
vt 0.625000 0.315458
vt 0.604167 0.315478
vt 0.609365 0.312500
vt 0.401031 0.312500
vt 0.411469 0.312500
vt 0.416667 0.315478
vt 0.421865 0.312500
vt 0.432302 0.312500
vt 0.437500 0.315478
vt 0.442698 0.312500
vt 0.453135 0.312500
vt 0.458333 0.315478
vt 0.463531 0.312500
vt 0.473969 0.312500
vt 0.479167 0.315478
vt 0.484365 0.312500
vt 0.494802 0.312500
vt 0.500000 0.315478
vt 0.505198 0.312500
vt 0.515635 0.312500
vt 0.520833 0.315478
vt 0.526031 0.312500
vt 0.536469 0.312500
vt 0.541667 0.315478
vt 0.546865 0.312500
vt 0.557302 0.312500
vt 0.562500 0.315478
vt 0.567698 0.312500
vt 0.578135 0.312500
vt 0.583333 0.315478
vt 0.588531 0.312500
vt 0.598969 0.312500
vt 0.625000 0.685482
vt 0.619792 0.688440
vt 0.609374 0.688440
vt 0.604167 0.685482
vt 0.380208 0.688440
vt 0.375000 0.685483
vt 0.395833 0.685482
vt 0.390626 0.688440
vt 0.401041 0.688440
vt 0.416667 0.685482
vt 0.411459 0.688440
vt 0.421874 0.688440
vt 0.437500 0.685482
vt 0.432292 0.688440
vt 0.442708 0.688440
vt 0.458333 0.685482
vt 0.453126 0.688440
vt 0.463541 0.688440
vt 0.479167 0.685482
vt 0.473959 0.688440
vt 0.484375 0.688440
vt 0.500000 0.685482
vt 0.494792 0.688440
vt 0.505208 0.688440
vt 0.520833 0.685482
vt 0.515626 0.688440
vt 0.526041 0.688440
vt 0.541667 0.685482
vt 0.536459 0.688440
vt 0.546874 0.688440
vt 0.562500 0.685482
vt 0.557292 0.688440
vt 0.567708 0.688440
vt 0.583333 0.685482
vt 0.578125 0.688440
vt 0.588541 0.688440
vt 0.598959 0.688440
vt 0.539067 0.085460
vt 0.567666 0.114059
vt 0.500000 0.150000
vt 0.500000 0.074992
vt 0.460933 0.085460
vt 0.432334 0.114059
vt 0.421867 0.153125
vt 0.432334 0.192192
vt 0.460933 0.220791
vt 0.500000 0.231259
vt 0.539067 0.220791
vt 0.567666 0.192192
vt 0.578133 0.153125
vt 0.567666 0.879692
vt 0.539067 0.908291
vt 0.500000 0.837500
vt 0.500000 0.918759
vt 0.460933 0.908291
vt 0.432334 0.879692
vt 0.421867 0.840625
vt 0.432334 0.801558
vt 0.460933 0.772960
vt 0.500000 0.762492
vt 0.539067 0.772960
vt 0.567666 0.801558
vt 0.578133 0.840625
vt 0.547914 0.143797
vt 0.549534 0.183682
vt 0.599068 0.169534
vt 0.604070 0.124128
vt 0.538020 0.124379
vt 0.542136 0.170919
vt 0.587414 0.091192
vt 0.584273 0.144008
vt 0.531602 0.117961
vt 0.530614 0.160790
vt 0.561228 0.123751
vt 0.565314 0.069092
vt 0.512184 0.108067
vt 0.516095 0.154287
vt 0.532480 0.052236
vt 0.532189 0.110745
vt 0.503219 0.106647
vt 0.500000 0.152046
vt 0.500000 0.106263
vt 0.501609 0.047347
vt 0.481694 0.110056
vt 0.483905 0.154287
vt 0.465139 0.053010
vt 0.467811 0.110745
vt 0.473606 0.114177
vt 0.469386 0.160790
vt 0.438772 0.123751
vt 0.437290 0.067200
vt 0.458196 0.129587
vt 0.457864 0.170919
vt 0.411114 0.093218
vt 0.415727 0.144008
vt 0.454075 0.137675
vt 0.450466 0.183682
vt 0.400932 0.169534
vt 0.396924 0.121067
vt 0.450666 0.159200
vt 0.447917 0.197830
vt 0.391040 0.157502
vt 0.395833 0.197830
vt 0.452086 0.168165
vt 0.450466 0.211978
vt 0.400932 0.226126
vt 0.395930 0.188372
vt 0.461979 0.187583
vt 0.457864 0.224741
vt 0.412586 0.221308
vt 0.415727 0.251651
vt 0.468398 0.194002
vt 0.469386 0.234869
vt 0.438772 0.271909
vt 0.434686 0.243408
vt 0.487816 0.203896
vt 0.483905 0.241372
vt 0.467520 0.260264
vt 0.467811 0.284915
vt 0.496781 0.205316
vt 0.500000 0.243613
vt 0.500000 0.289397
vt 0.498391 0.265153
vt 0.518306 0.201907
vt 0.516095 0.241372
vt 0.534861 0.259490
vt 0.532189 0.284915
vt 0.526394 0.197786
vt 0.530614 0.234869
vt 0.561228 0.271909
vt 0.562710 0.245300
vt 0.541804 0.182376
vt 0.542136 0.224741
vt 0.588886 0.219282
vt 0.584273 0.251651
vt 0.545925 0.174288
vt 0.549534 0.211978
vt 0.599068 0.226125
vt 0.603076 0.191433
vt 0.549334 0.152763
vt 0.552083 0.197830
vt 0.608960 0.154998
vt 0.604167 0.197830
vt 0.644987 0.109141
vt 0.648603 0.107966
vt 0.656250 0.156250
vt 0.652448 0.156250
vt 0.623333 0.066643
vt 0.626409 0.064408
vt 0.589607 0.032917
vt 0.591842 0.029841
vt 0.547109 0.011263
vt 0.548284 0.007647
vt 0.500000 0.003802
vt 0.500000 -0.000000
vt 0.452891 0.011263
vt 0.451716 0.007647
vt 0.410393 0.032917
vt 0.408159 0.029841
vt 0.376667 0.066643
vt 0.373591 0.064409
vt 0.355013 0.109141
vt 0.351397 0.107966
vt 0.347552 0.156250
vt 0.343750 0.156250
vt 0.355013 0.203359
vt 0.351397 0.204534
vt 0.376667 0.245857
vt 0.373591 0.248091
vt 0.410393 0.279583
vt 0.408159 0.282659
vt 0.452891 0.301237
vt 0.451716 0.304853
vt 0.500000 0.308698
vt 0.500000 0.312500
vt 0.547109 0.301237
vt 0.548284 0.304853
vt 0.589607 0.279583
vt 0.591841 0.282659
vt 0.623333 0.245857
vt 0.626409 0.248091
vt 0.644987 0.203359
vt 0.648603 0.204534
vt 0.625000 0.665703
vt 0.624935 0.688440
vt 0.612565 0.688440
vt 0.612500 0.665703
vt 0.375065 0.688440
vt 0.375000 0.665703
vt 0.387500 0.665703
vt 0.387435 0.688440
vt 0.387565 0.688440
vt 0.400000 0.665703
vt 0.399935 0.688440
vt 0.400065 0.688440
vt 0.412500 0.665703
vt 0.412435 0.688440
vt 0.412565 0.688440
vt 0.425000 0.665703
vt 0.424935 0.688440
vt 0.425065 0.688440
vt 0.437500 0.665703
vt 0.437435 0.688440
vt 0.437565 0.688440
vt 0.450000 0.665703
vt 0.449935 0.688440
vt 0.450065 0.688440
vt 0.462500 0.665703
vt 0.462435 0.688440
vt 0.462565 0.688440
vt 0.475000 0.665703
vt 0.474935 0.688440
vt 0.475065 0.688440
vt 0.487500 0.665703
vt 0.487435 0.688440
vt 0.487565 0.688440
vt 0.500000 0.665703
vt 0.499935 0.688440
vt 0.500065 0.688440
vt 0.512500 0.665703
vt 0.512435 0.688440
vt 0.512565 0.688440
vt 0.525000 0.665703
vt 0.524935 0.688440
vt 0.525065 0.688440
vt 0.537500 0.665703
vt 0.537435 0.688440
vt 0.537565 0.688440
vt 0.550000 0.665703
vt 0.549935 0.688440
vt 0.550065 0.688440
vt 0.562500 0.665703
vt 0.562435 0.688440
vt 0.562565 0.688440
vt 0.575000 0.665703
vt 0.574935 0.688440
vt 0.575065 0.688440
vt 0.587500 0.665703
vt 0.587435 0.688440
vt 0.587565 0.688440
vt 0.600000 0.665703
vt 0.599935 0.688440
vt 0.600065 0.688440
vt 0.612435 0.688440
vt 0.604014 0.876230
vt 0.599068 0.830466
vt 0.549534 0.816318
vt 0.547914 0.855665
vt 0.587158 0.909064
vt 0.584273 0.855992
vt 0.538020 0.875083
vt 0.542136 0.829081
vt 0.565058 0.931164
vt 0.561228 0.876249
vt 0.530614 0.839210
vt 0.531602 0.881502
vt 0.532122 0.947820
vt 0.532189 0.889255
vt 0.512184 0.891396
vt 0.516095 0.845713
vt 0.501252 0.952710
vt 0.500000 0.893737
vt 0.500000 0.847953
vt 0.503218 0.892816
vt 0.464817 0.946826
vt 0.467811 0.889255
vt 0.481694 0.889407
vt 0.483905 0.845713
vt 0.436968 0.932636
vt 0.438772 0.876249
vt 0.469386 0.839210
vt 0.473606 0.885285
vt 0.410950 0.906460
vt 0.415727 0.855992
vt 0.458196 0.869875
vt 0.457864 0.829081
vt 0.396760 0.878611
vt 0.400932 0.830466
vt 0.450466 0.816318
vt 0.454075 0.861787
vt 0.391097 0.842141
vt 0.395833 0.802170
vt 0.450666 0.840263
vt 0.447917 0.802170
vt 0.395986 0.811270
vt 0.400932 0.773874
vt 0.450466 0.788022
vt 0.452086 0.831297
vt 0.412842 0.778436
vt 0.415727 0.748349
vt 0.461979 0.811879
vt 0.457864 0.775259
vt 0.434942 0.756336
vt 0.438772 0.728091
vt 0.469386 0.765131
vt 0.468398 0.805461
vt 0.467878 0.739680
vt 0.467811 0.715085
vt 0.487816 0.795567
vt 0.483905 0.758628
vt 0.498748 0.734790
vt 0.500000 0.710603
vt 0.500000 0.756387
vt 0.496781 0.794147
vt 0.535183 0.740674
vt 0.532189 0.715085
vt 0.518306 0.797556
vt 0.516095 0.758628
vt 0.563032 0.754864
vt 0.561228 0.728091
vt 0.530614 0.765131
vt 0.526394 0.801677
vt 0.589050 0.781040
vt 0.584273 0.748349
vt 0.541804 0.817087
vt 0.542136 0.775259
vt 0.603240 0.808889
vt 0.599068 0.773874
vt 0.549534 0.788022
vt 0.545925 0.825175
vt 0.608903 0.845359
vt 0.604167 0.802170
vt 0.549334 0.846700
vt 0.552083 0.802170
vt 0.375000 0.335237
vt 0.387500 0.335237
vt 0.400000 0.335237
vt 0.412500 0.335237
vt 0.425000 0.335237
vt 0.437500 0.335237
vt 0.450000 0.335237
vt 0.462500 0.335237
vt 0.475000 0.335237
vt 0.487500 0.335237
vt 0.500000 0.335237
vt 0.512500 0.335237
vt 0.525000 0.335237
vt 0.537500 0.335237
vt 0.550000 0.335237
vt 0.562500 0.335237
vt 0.575000 0.335237
vt 0.587500 0.335237
vt 0.600000 0.335237
vt 0.612500 0.335237
vt 0.625000 0.335237
vt 0.644987 0.890859
vt 0.623333 0.933357
vt 0.589607 0.967083
vt 0.547109 0.988737
vt 0.500000 0.996198
vt 0.452891 0.988737
vt 0.410393 0.967083
vt 0.376667 0.933357
vt 0.355013 0.890859
vt 0.347552 0.843750
vt 0.355013 0.796641
vt 0.376667 0.754143
vt 0.410393 0.720417
vt 0.452891 0.698763
vt 0.500000 0.691302
vt 0.547109 0.698763
vt 0.589607 0.720417
vt 0.623333 0.754143
vt 0.644987 0.796641
vt 0.652448 0.843750
vt 0.500000 0.150000
vt 0.500000 0.837500
vt 0.547914 0.143797
vt 0.549534 0.183682
vt 0.599068 0.169534
vt 0.604070 0.124128
vt 0.538020 0.124379
vt 0.542136 0.170919
vt 0.587414 0.091192
vt 0.584273 0.144008
vt 0.531602 0.117961
vt 0.530614 0.160790
vt 0.561228 0.123751
vt 0.565314 0.069092
vt 0.512184 0.108067
vt 0.516095 0.154287
vt 0.532480 0.052236
vt 0.532189 0.110745
vt 0.503219 0.106647
vt 0.500000 0.152046
vt 0.500000 0.106263
vt 0.501609 0.047347
vt 0.481694 0.110056
vt 0.483905 0.154287
vt 0.465139 0.053010
vt 0.467811 0.110745
vt 0.473606 0.114177
vt 0.469386 0.160790
vt 0.438772 0.123751
vt 0.437290 0.067200
vt 0.458196 0.129587
vt 0.457864 0.170919
vt 0.411114 0.093218
vt 0.415727 0.144008
vt 0.454075 0.137675
vt 0.450466 0.183682
vt 0.400932 0.169534
vt 0.396924 0.121067
vt 0.450666 0.159200
vt 0.447917 0.197830
vt 0.391040 0.157502
vt 0.395833 0.197830
vt 0.452086 0.168165
vt 0.450466 0.211978
vt 0.400932 0.226126
vt 0.395930 0.188372
vt 0.461979 0.187583
vt 0.457864 0.224741
vt 0.412586 0.221308
vt 0.415727 0.251651
vt 0.468398 0.194002
vt 0.469386 0.234869
vt 0.438772 0.271909
vt 0.434686 0.243408
vt 0.487816 0.203896
vt 0.483905 0.241372
vt 0.467520 0.260264
vt 0.467811 0.284915
vt 0.496781 0.205316
vt 0.500000 0.243613
vt 0.500000 0.289397
vt 0.498391 0.265153
vt 0.518306 0.201907
vt 0.516095 0.241372
vt 0.534861 0.259490
vt 0.532189 0.284915
vt 0.526394 0.197786
vt 0.530614 0.234869
vt 0.561228 0.271909
vt 0.562710 0.245300
vt 0.541804 0.182376
vt 0.542136 0.224741
vt 0.588886 0.219282
vt 0.584273 0.251651
vt 0.545925 0.174288
vt 0.549534 0.211978
vt 0.599068 0.226125
vt 0.603076 0.191433
vt 0.549334 0.152763
vt 0.552083 0.197830
vt 0.608960 0.154998
vt 0.604167 0.197830
vt 0.644987 0.109141
vt 0.648603 0.107966
vt 0.656250 0.156250
vt 0.652448 0.156250
vt 0.623333 0.066643
vt 0.626409 0.064408
vt 0.589607 0.032917
vt 0.591842 0.029841
vt 0.547109 0.011263
vt 0.548284 0.007647
vt 0.500000 0.003802
vt 0.500000 -0.000000
vt 0.452891 0.011263
vt 0.451716 0.007647
vt 0.410393 0.032917
vt 0.408159 0.029841
vt 0.376667 0.066643
vt 0.373591 0.064409
vt 0.355013 0.109141
vt 0.351397 0.107966
vt 0.347552 0.156250
vt 0.343750 0.156250
vt 0.355013 0.203359
vt 0.351397 0.204534
vt 0.376667 0.245857
vt 0.373591 0.248091
vt 0.410393 0.279583
vt 0.408159 0.282659
vt 0.452891 0.301237
vt 0.451716 0.304853
vt 0.500000 0.308698
vt 0.500000 0.312500
vt 0.547109 0.301237
vt 0.548284 0.304853
vt 0.589607 0.279583
vt 0.591841 0.282659
vt 0.623333 0.245857
vt 0.626409 0.248091
vt 0.644987 0.203359
vt 0.648603 0.204534
vt 0.625000 0.665703
vt 0.624935 0.688440
vt 0.612565 0.688440
vt 0.612500 0.665703
vt 0.375065 0.688440
vt 0.375000 0.665703
vt 0.387500 0.665703
vt 0.387435 0.688440
vt 0.387565 0.688440
vt 0.400000 0.665703
vt 0.399935 0.688440
vt 0.400065 0.688440
vt 0.412500 0.665703
vt 0.412435 0.688440
vt 0.412565 0.688440
vt 0.425000 0.665703
vt 0.424935 0.688440
vt 0.425065 0.688440
vt 0.437500 0.665703
vt 0.437435 0.688440
vt 0.437565 0.688440
vt 0.450000 0.665703
vt 0.449935 0.688440
vt 0.450065 0.688440
vt 0.462500 0.665703
vt 0.462435 0.688440
vt 0.462565 0.688440
vt 0.475000 0.665703
vt 0.474935 0.688440
vt 0.475065 0.688440
vt 0.487500 0.665703
vt 0.487435 0.688440
vt 0.487565 0.688440
vt 0.500000 0.665703
vt 0.499935 0.688440
vt 0.500065 0.688440
vt 0.512500 0.665703
vt 0.512435 0.688440
vt 0.512565 0.688440
vt 0.525000 0.665703
vt 0.524935 0.688440
vt 0.525065 0.688440
vt 0.537500 0.665703
vt 0.537435 0.688440
vt 0.537565 0.688440
vt 0.550000 0.665703
vt 0.549935 0.688440
vt 0.550065 0.688440
vt 0.562500 0.665703
vt 0.562435 0.688440
vt 0.562565 0.688440
vt 0.575000 0.665703
vt 0.574935 0.688440
vt 0.575065 0.688440
vt 0.587500 0.665703
vt 0.587435 0.688440
vt 0.587565 0.688440
vt 0.600000 0.665703
vt 0.599935 0.688440
vt 0.600065 0.688440
vt 0.612435 0.688440
vt 0.604014 0.876230
vt 0.599068 0.830466
vt 0.549534 0.816318
vt 0.547914 0.855665
vt 0.587158 0.909064
vt 0.584273 0.855992
vt 0.538020 0.875083
vt 0.542136 0.829081
vt 0.565058 0.931164
vt 0.561228 0.876249
vt 0.530614 0.839210
vt 0.531602 0.881502
vt 0.532122 0.947820
vt 0.532189 0.889255
vt 0.512184 0.891396
vt 0.516095 0.845713
vt 0.501252 0.952710
vt 0.500000 0.893737
vt 0.500000 0.847953
vt 0.503218 0.892816
vt 0.464817 0.946826
vt 0.467811 0.889255
vt 0.481694 0.889407
vt 0.483905 0.845713
vt 0.436968 0.932636
vt 0.438772 0.876249
vt 0.469386 0.839210
vt 0.473606 0.885285
vt 0.410950 0.906460
vt 0.415727 0.855992
vt 0.458196 0.869875
vt 0.457864 0.829081
vt 0.396760 0.878611
vt 0.400932 0.830466
vt 0.450466 0.816318
vt 0.454075 0.861787
vt 0.391097 0.842141
vt 0.395833 0.802170
vt 0.450666 0.840263
vt 0.447917 0.802170
vt 0.395986 0.811270
vt 0.400932 0.773874
vt 0.450466 0.788022
vt 0.452086 0.831297
vt 0.412842 0.778436
vt 0.415727 0.748349
vt 0.461979 0.811879
vt 0.457864 0.775259
vt 0.434942 0.756336
vt 0.438772 0.728091
vt 0.469386 0.765131
vt 0.468398 0.805461
vt 0.467878 0.739680
vt 0.467811 0.715085
vt 0.487816 0.795567
vt 0.483905 0.758628
vt 0.498748 0.734790
vt 0.500000 0.710603
vt 0.500000 0.756387
vt 0.496781 0.794147
vt 0.535183 0.740674
vt 0.532189 0.715085
vt 0.518306 0.797556
vt 0.516095 0.758628
vt 0.563032 0.754864
vt 0.561228 0.728091
vt 0.530614 0.765131
vt 0.526394 0.801677
vt 0.589050 0.781040
vt 0.584273 0.748349
vt 0.541804 0.817087
vt 0.542136 0.775259
vt 0.603240 0.808889
vt 0.599068 0.773874
vt 0.549534 0.788022
vt 0.545925 0.825175
vt 0.608903 0.845359
vt 0.604167 0.802170
vt 0.549334 0.846700
vt 0.552083 0.802170
vt 0.375000 0.335237
vt 0.387500 0.335237
vt 0.400000 0.335237
vt 0.412500 0.335237
vt 0.425000 0.335237
vt 0.437500 0.335237
vt 0.450000 0.335237
vt 0.462500 0.335237
vt 0.475000 0.335237
vt 0.487500 0.335237
vt 0.500000 0.335237
vt 0.512500 0.335237
vt 0.525000 0.335237
vt 0.537500 0.335237
vt 0.550000 0.335237
vt 0.562500 0.335237
vt 0.575000 0.335237
vt 0.587500 0.335237
vt 0.600000 0.335237
vt 0.612500 0.335237
vt 0.625000 0.335237
vt 0.644987 0.890859
vt 0.623333 0.933357
vt 0.589607 0.967083
vt 0.547109 0.988737
vt 0.500000 0.996198
vt 0.452891 0.988737
vt 0.410393 0.967083
vt 0.376667 0.933357
vt 0.355013 0.890859
vt 0.347552 0.843750
vt 0.355013 0.796641
vt 0.376667 0.754143
vt 0.410393 0.720417
vt 0.452891 0.698763
vt 0.500000 0.691302
vt 0.547109 0.698763
vt 0.589607 0.720417
vt 0.623333 0.754143
vt 0.644987 0.796641
vt 0.652448 0.843750
vt 0.500000 0.150000
vt 0.500000 0.837500
vt 0.547914 0.143797
vt 0.549534 0.183682
vt 0.599068 0.169534
vt 0.604070 0.124128
vt 0.538020 0.124379
vt 0.542136 0.170919
vt 0.587414 0.091192
vt 0.584273 0.144008
vt 0.531602 0.117961
vt 0.530614 0.160790
vt 0.561228 0.123751
vt 0.565314 0.069092
vt 0.512184 0.108067
vt 0.516095 0.154287
vt 0.532480 0.052236
vt 0.532189 0.110745
vt 0.503219 0.106647
vt 0.500000 0.152046
vt 0.500000 0.106263
vt 0.501609 0.047347
vt 0.481694 0.110056
vt 0.483905 0.154287
vt 0.465139 0.053010
vt 0.467811 0.110745
vt 0.473606 0.114177
vt 0.469386 0.160790
vt 0.438772 0.123751
vt 0.437290 0.067200
vt 0.458196 0.129587
vt 0.457864 0.170919
vt 0.411114 0.093218
vt 0.415727 0.144008
vt 0.454075 0.137675
vt 0.450466 0.183682
vt 0.400932 0.169534
vt 0.396924 0.121067
vt 0.450666 0.159200
vt 0.447917 0.197830
vt 0.391040 0.157502
vt 0.395833 0.197830
vt 0.452086 0.168165
vt 0.450466 0.211978
vt 0.400932 0.226126
vt 0.395930 0.188372
vt 0.461979 0.187583
vt 0.457864 0.224741
vt 0.412586 0.221308
vt 0.415727 0.251651
vt 0.468398 0.194002
vt 0.469386 0.234869
vt 0.438772 0.271909
vt 0.434686 0.243408
vt 0.487816 0.203896
vt 0.483905 0.241372
vt 0.467520 0.260264
vt 0.467811 0.284915
vt 0.496781 0.205316
vt 0.500000 0.243613
vt 0.500000 0.289397
vt 0.498391 0.265153
vt 0.518306 0.201907
vt 0.516095 0.241372
vt 0.534861 0.259490
vt 0.532189 0.284915
vt 0.526394 0.197786
vt 0.530614 0.234869
vt 0.561228 0.271909
vt 0.562710 0.245300
vt 0.541804 0.182376
vt 0.542136 0.224741
vt 0.588886 0.219282
vt 0.584273 0.251651
vt 0.545925 0.174288
vt 0.549534 0.211978
vt 0.599068 0.226125
vt 0.603076 0.191433
vt 0.549334 0.152763
vt 0.552083 0.197830
vt 0.608960 0.154998
vt 0.604167 0.197830
vt 0.644987 0.109141
vt 0.648603 0.107966
vt 0.656250 0.156250
vt 0.652448 0.156250
vt 0.623333 0.066643
vt 0.626409 0.064408
vt 0.589607 0.032917
vt 0.591842 0.029841
vt 0.547109 0.011263
vt 0.548284 0.007647
vt 0.500000 0.003802
vt 0.500000 -0.000000
vt 0.452891 0.011263
vt 0.451716 0.007647
vt 0.410393 0.032917
vt 0.408159 0.029841
vt 0.376667 0.066643
vt 0.373591 0.064409
vt 0.355013 0.109141
vt 0.351397 0.107966
vt 0.347552 0.156250
vt 0.343750 0.156250
vt 0.355013 0.203359
vt 0.351397 0.204534
vt 0.376667 0.245857
vt 0.373591 0.248091
vt 0.410393 0.279583
vt 0.408159 0.282659
vt 0.452891 0.301237
vt 0.451716 0.304853
vt 0.500000 0.308698
vt 0.500000 0.312500
vt 0.547109 0.301237
vt 0.548284 0.304853
vt 0.589607 0.279583
vt 0.591841 0.282659
vt 0.623333 0.245857
vt 0.626409 0.248091
vt 0.644987 0.203359
vt 0.648603 0.204534
vt 0.625000 0.665703
vt 0.624935 0.688440
vt 0.612565 0.688440
vt 0.612500 0.665703
vt 0.375065 0.688440
vt 0.375000 0.665703
vt 0.387500 0.665703
vt 0.387435 0.688440
vt 0.387565 0.688440
vt 0.400000 0.665703
vt 0.399935 0.688440
vt 0.400065 0.688440
vt 0.412500 0.665703
vt 0.412435 0.688440
vt 0.412565 0.688440
vt 0.425000 0.665703
vt 0.424935 0.688440
vt 0.425065 0.688440
vt 0.437500 0.665703
vt 0.437435 0.688440
vt 0.437565 0.688440
vt 0.450000 0.665703
vt 0.449935 0.688440
vt 0.450065 0.688440
vt 0.462500 0.665703
vt 0.462435 0.688440
vt 0.462565 0.688440
vt 0.475000 0.665703
vt 0.474935 0.688440
vt 0.475065 0.688440
vt 0.487500 0.665703
vt 0.487435 0.688440
vt 0.487565 0.688440
vt 0.500000 0.665703
vt 0.499935 0.688440
vt 0.500065 0.688440
vt 0.512500 0.665703
vt 0.512435 0.688440
vt 0.512565 0.688440
vt 0.525000 0.665703
vt 0.524935 0.688440
vt 0.525065 0.688440
vt 0.537500 0.665703
vt 0.537435 0.688440
vt 0.537565 0.688440
vt 0.550000 0.665703
vt 0.549935 0.688440
vt 0.550065 0.688440
vt 0.562500 0.665703
vt 0.562435 0.688440
vt 0.562565 0.688440
vt 0.575000 0.665703
vt 0.574935 0.688440
vt 0.575065 0.688440
vt 0.587500 0.665703
vt 0.587435 0.688440
vt 0.587565 0.688440
vt 0.600000 0.665703
vt 0.599935 0.688440
vt 0.600065 0.688440
vt 0.612435 0.688440
vt 0.604014 0.876230
vt 0.599068 0.830466
vt 0.549534 0.816318
vt 0.547914 0.855665
vt 0.587158 0.909064
vt 0.584273 0.855992
vt 0.538020 0.875083
vt 0.542136 0.829081
vt 0.565058 0.931164
vt 0.561228 0.876249
vt 0.530614 0.839210
vt 0.531602 0.881502
vt 0.532122 0.947820
vt 0.532189 0.889255
vt 0.512184 0.891396
vt 0.516095 0.845713
vt 0.501252 0.952710
vt 0.500000 0.893737
vt 0.500000 0.847953
vt 0.503218 0.892816
vt 0.464817 0.946826
vt 0.467811 0.889255
vt 0.481694 0.889407
vt 0.483905 0.845713
vt 0.436968 0.932636
vt 0.438772 0.876249
vt 0.469386 0.839210
vt 0.473606 0.885285
vt 0.410950 0.906460
vt 0.415727 0.855992
vt 0.458196 0.869875
vt 0.457864 0.829081
vt 0.396760 0.878611
vt 0.400932 0.830466
vt 0.450466 0.816318
vt 0.454075 0.861787
vt 0.391097 0.842141
vt 0.395833 0.802170
vt 0.450666 0.840263
vt 0.447917 0.802170
vt 0.395986 0.811270
vt 0.400932 0.773874
vt 0.450466 0.788022
vt 0.452086 0.831297
vt 0.412842 0.778436
vt 0.415727 0.748349
vt 0.461979 0.811879
vt 0.457864 0.775259
vt 0.434942 0.756336
vt 0.438772 0.728091
vt 0.469386 0.765131
vt 0.468398 0.805461
vt 0.467878 0.739680
vt 0.467811 0.715085
vt 0.487816 0.795567
vt 0.483905 0.758628
vt 0.498748 0.734790
vt 0.500000 0.710603
vt 0.500000 0.756387
vt 0.496781 0.794147
vt 0.535183 0.740674
vt 0.532189 0.715085
vt 0.518306 0.797556
vt 0.516095 0.758628
vt 0.563032 0.754864
vt 0.561228 0.728091
vt 0.530614 0.765131
vt 0.526394 0.801677
vt 0.589050 0.781040
vt 0.584273 0.748349
vt 0.541804 0.817087
vt 0.542136 0.775259
vt 0.603240 0.808889
vt 0.599068 0.773874
vt 0.549534 0.788022
vt 0.545925 0.825175
vt 0.608903 0.845359
vt 0.604167 0.802170
vt 0.549334 0.846700
vt 0.552083 0.802170
vt 0.375000 0.335237
vt 0.387500 0.335237
vt 0.400000 0.335237
vt 0.412500 0.335237
vt 0.425000 0.335237
vt 0.437500 0.335237
vt 0.450000 0.335237
vt 0.462500 0.335237
vt 0.475000 0.335237
vt 0.487500 0.335237
vt 0.500000 0.335237
vt 0.512500 0.335237
vt 0.525000 0.335237
vt 0.537500 0.335237
vt 0.550000 0.335237
vt 0.562500 0.335237
vt 0.575000 0.335237
vt 0.587500 0.335237
vt 0.600000 0.335237
vt 0.612500 0.335237
vt 0.625000 0.335237
vt 0.644987 0.890859
vt 0.623333 0.933357
vt 0.589607 0.967083
vt 0.547109 0.988737
vt 0.500000 0.996198
vt 0.452891 0.988737
vt 0.410393 0.967083
vt 0.376667 0.933357
vt 0.355013 0.890859
vt 0.347552 0.843750
vt 0.355013 0.796641
vt 0.376667 0.754143
vt 0.410393 0.720417
vt 0.452891 0.698763
vt 0.500000 0.691302
vt 0.547109 0.698763
vt 0.589607 0.720417
vt 0.623333 0.754143
vt 0.644987 0.796641
vt 0.652448 0.843750
vt 0.500000 0.150000
vt 0.500000 0.837500
vt 0.375000 0.315478
vt 0.380198 0.312500
vt 0.390635 0.312500
vt 0.395833 0.315478
vt 0.619802 0.312500
vt 0.625000 0.315458
vt 0.604167 0.315478
vt 0.609365 0.312500
vt 0.401031 0.312500
vt 0.411469 0.312500
vt 0.416667 0.315478
vt 0.421865 0.312500
vt 0.432302 0.312500
vt 0.437500 0.315478
vt 0.442698 0.312500
vt 0.453135 0.312500
vt 0.458333 0.315478
vt 0.463531 0.312500
vt 0.473969 0.312500
vt 0.479167 0.315478
vt 0.484365 0.312500
vt 0.494802 0.312500
vt 0.500000 0.315478
vt 0.505198 0.312500
vt 0.515635 0.312500
vt 0.520833 0.315478
vt 0.526031 0.312500
vt 0.536469 0.312500
vt 0.541667 0.315478
vt 0.546865 0.312500
vt 0.557302 0.312500
vt 0.562500 0.315478
vt 0.567698 0.312500
vt 0.578135 0.312500
vt 0.583333 0.315478
vt 0.588531 0.312500
vt 0.598969 0.312500
vt 0.625000 0.685482
vt 0.619792 0.688440
vt 0.609374 0.688440
vt 0.604167 0.685482
vt 0.380208 0.688440
vt 0.375000 0.685483
vt 0.395833 0.685482
vt 0.390626 0.688440
vt 0.401041 0.688440
vt 0.416667 0.685482
vt 0.411459 0.688440
vt 0.421874 0.688440
vt 0.437500 0.685482
vt 0.432292 0.688440
vt 0.442708 0.688440
vt 0.458333 0.685482
vt 0.453126 0.688440
vt 0.463541 0.688440
vt 0.479167 0.685482
vt 0.473959 0.688440
vt 0.484375 0.688440
vt 0.500000 0.685482
vt 0.494792 0.688440
vt 0.505208 0.688440
vt 0.520833 0.685482
vt 0.515626 0.688440
vt 0.526041 0.688440
vt 0.541667 0.685482
vt 0.536459 0.688440
vt 0.546874 0.688440
vt 0.562500 0.685482
vt 0.557292 0.688440
vt 0.567708 0.688440
vt 0.583333 0.685482
vt 0.578125 0.688440
vt 0.588541 0.688440
vt 0.598959 0.688440
vt 0.539067 0.085460
vt 0.567666 0.114059
vt 0.500000 0.150000
vt 0.500000 0.074992
vt 0.460933 0.085460
vt 0.432334 0.114059
vt 0.421867 0.153125
vt 0.432334 0.192192
vt 0.460933 0.220791
vt 0.500000 0.231259
vt 0.539067 0.220791
vt 0.567666 0.192192
vt 0.578133 0.153125
vt 0.567666 0.879692
vt 0.539067 0.908291
vt 0.500000 0.837500
vt 0.500000 0.918759
vt 0.460933 0.908291
vt 0.432334 0.879692
vt 0.421867 0.840625
vt 0.432334 0.801558
vt 0.460933 0.772960
vt 0.500000 0.762492
vt 0.539067 0.772960
vt 0.567666 0.801558
vt 0.578133 0.840625
usemtl blinn2SG
f 1/1 2/2 14/165 13/163
f 3/3 4/4 16/168 15/166
f 5/5 6/6 18/171 17/169
f 7/7 8/8 20/174 19/172
f 9/9 10/10 22/177 21/175
f 11/11 12/12 24/180 23/178
usemtl blinn1SG
f 3/3 15/166 14/165 2/222
f 1/1 13/163 74/33 73/24 82/25 81/26
f 5/5 17/169 16/168 4/226
f 7/7 19/172 18/171 6/230
f 9/9 21/175 20/174 8/234
f 11/11 23/178 22/177 10/238
usemtl blinn2SG
f 1/28 13/281 14/282 2/13
f 3/14 15/285 16/286 4/15
f 5/16 17/289 18/290 6/17
f 7/18 19/293 20/294 8/19
f 9/20 21/297 22/298 10/21
f 11/22 23/301 24/302 12/23
usemtl blinn1SG
f 3/14 2/318 14/282 15/285
f 1/28 81/29 82/30 73/99 74/278 13/281
f 5/16 4/321 16/286 17/289
f 7/18 6/324 18/290 19/293
f 9/20 8/327 20/294 21/297
f 11/22 10/330 22/298 23/301
f 86/27 85/242 78/35 77/181 24/180 12/241
f 85/31 86/32 12/333 24/302 77/101 78/337
f 25/164 26/250 94/46 93/45
usemtl blinn2SG
f 26/250 25/164 28/253 27/186
usemtl blinn1SG
f 27/186 28/253 102/52 101/256
f 29/167 30/254 106/54 105/53
usemtl blinn2SG
f 30/254 29/167 32/257 31/191
usemtl blinn1SG
f 31/191 32/257 114/60 113/260
f 33/170 34/258 118/62 117/61
usemtl blinn2SG
f 34/258 33/170 36/261 35/196
usemtl blinn1SG
f 35/196 36/261 126/68 125/264
f 37/173 38/262 130/70 129/69
usemtl blinn2SG
f 38/262 37/173 40/265 39/201
usemtl blinn1SG
f 39/201 40/265 138/76 137/268
f 41/176 42/266 142/78 141/77
usemtl blinn2SG
f 42/266 41/176 44/269 43/206
usemtl blinn1SG
f 43/206 44/269 150/84 149/272
f 45/179 46/270 154/86 153/85
usemtl blinn2SG
f 46/270 45/179 48/273 47/211
usemtl blinn1SG
f 47/211 48/273 162/92 161/277
f 49/187 50/217 97/48 96/47
usemtl blinn2SG
f 50/217 49/187 52/255 51/220
usemtl blinn1SG
f 51/220 52/255 112/51 111/57
f 53/192 54/221 109/56 108/55
usemtl blinn2SG
f 54/221 53/192 56/259 55/224
usemtl blinn1SG
f 55/224 56/259 124/59 123/65
f 57/197 58/225 121/64 120/63
usemtl blinn2SG
f 58/225 57/197 60/263 59/228
usemtl blinn1SG
f 59/228 60/263 136/67 135/73
f 61/202 62/229 133/72 132/71
usemtl blinn2SG
f 62/229 61/202 64/267 63/232
usemtl blinn1SG
f 63/232 64/267 148/75 147/81
f 65/207 66/233 145/80 144/79
usemtl blinn2SG
f 66/233 65/207 68/271 67/236
usemtl blinn1SG
f 67/236 68/271 160/83 159/89
f 69/212 70/237 157/88 156/87
usemtl blinn2SG
f 70/237 69/212 72/276 71/240
usemtl blinn1SG
f 71/240 72/276 172/91 171/97
f 73/24 74/33 76/249 75/34
f 75/34 76/249 90/44 89/252
f 77/181 78/35 80/36 79/182
f 79/182 80/274 166/94 165/93
f 81/218 82/37 84/38 83/216
f 83/216 84/251 100/43 99/49
f 85/39 86/40 88/275 87/41
f 87/41 88/42 169/96 168/95
f 89/252 91/183 98/50 100/43
f 91/183 90/44 93/45 92/184
f 92/184 94/46 96/47 95/185
f 95/185 97/48 99/49 98/50
f 101/256 103/188 110/58 112/51
f 103/188 102/52 105/53 104/189
f 104/189 106/54 108/55 107/190
f 107/190 109/56 111/57 110/58
f 113/260 115/193 122/66 124/59
f 115/193 114/60 117/61 116/194
f 116/194 118/62 120/63 119/195
f 119/195 121/64 123/65 122/66
f 125/264 127/198 134/74 136/67
f 127/198 126/68 129/69 128/199
f 128/199 130/70 132/71 131/200
f 131/200 133/72 135/73 134/74
f 137/268 139/203 146/82 148/75
f 139/203 138/76 141/77 140/204
f 140/204 142/78 144/79 143/205
f 143/205 145/80 147/81 146/82
f 149/272 151/208 158/90 160/83
f 151/208 150/84 153/85 152/209
f 152/209 154/86 156/87 155/210
f 155/210 157/88 159/89 158/90
f 161/277 163/213 170/98 172/91
f 163/213 162/92 165/93 164/214
f 164/214 166/94 168/95 167/215
f 167/215 169/96 171/97 170/98
f 74/278 73/99 174/100 173/279
f 173/279 174/350 201/103 203/343
f 175/304 176/280 204/105 206/344
usemtl blinn2SG
f 176/280 175/304 178/357 177/283
usemtl blinn1SG
f 177/283 178/357 217/110 219/351
f 179/306 180/284 220/113 222/352
usemtl blinn2SG
f 180/284 179/306 182/364 181/287
usemtl blinn1SG
f 181/287 182/364 233/118 235/358
f 183/308 184/288 236/121 238/359
usemtl blinn2SG
f 184/288 183/308 186/371 185/291
usemtl blinn1SG
f 185/291 186/371 249/126 251/365
f 187/310 188/292 252/129 254/366
usemtl blinn2SG
f 188/292 187/310 190/378 189/295
usemtl blinn1SG
f 189/295 190/378 265/134 267/372
f 191/312 192/296 268/137 270/373
usemtl blinn2SG
f 192/296 191/312 194/385 193/299
usemtl blinn1SG
f 193/299 194/385 281/142 283/379
f 195/314 196/300 284/145 286/380
usemtl blinn2SG
f 196/300 195/314 198/393 197/303
usemtl blinn1SG
f 197/303 198/393 297/150 299/386
f 78/337 77/101 200/387 199/102
f 199/102 200/387 300/153 302/388
f 202/104 201/103 212/109 211/108
f 203/343 202/104 205/106 204/105
f 206/344 205/106 208/107 207/345
f 207/345 209/347 215/317 216/346
f 209/347 208/107 211/108 210/348
f 210/348 212/109 309/158 310/349
f 213/305 214/356 226/117 228/111
usemtl blinn2SG
f 214/356 213/305 216/346 215/317
usemtl blinn1SG
f 218/112 217/110 228/111 227/116
f 219/351 218/112 221/114 220/113
f 222/352 221/114 224/115 223/353
f 223/353 225/355 231/320 232/354
f 225/355 224/115 227/116 226/117
f 229/307 230/363 242/125 244/119
usemtl blinn2SG
f 230/363 229/307 232/354 231/320
usemtl blinn1SG
f 234/120 233/118 244/119 243/124
f 235/358 234/120 237/122 236/121
f 238/359 237/122 240/123 239/360
f 239/360 241/362 247/323 248/361
f 241/362 240/123 243/124 242/125
f 245/309 246/370 258/133 260/127
usemtl blinn2SG
f 246/370 245/309 248/361 247/323
usemtl blinn1SG
f 250/128 249/126 260/127 259/132
f 251/365 250/128 253/130 252/129
f 254/366 253/130 256/131 255/367
f 255/367 257/369 263/326 264/368
f 257/369 256/131 259/132 258/133
f 261/311 262/377 274/141 276/135
usemtl blinn2SG
f 262/377 261/311 264/368 263/326
usemtl blinn1SG
f 266/136 265/134 276/135 275/140
f 267/372 266/136 269/138 268/137
f 270/373 269/138 272/139 271/374
f 271/374 273/376 279/329 280/375
f 273/376 272/139 275/140 274/141
f 277/313 278/384 290/149 292/143
usemtl blinn2SG
f 278/384 277/313 280/375 279/329
usemtl blinn1SG
f 282/144 281/142 292/143 291/148
f 283/379 282/144 285/146 284/145
f 286/380 285/146 288/147 287/381
f 287/381 289/383 295/332 296/382
f 289/383 288/147 291/148 290/149
f 293/315 294/392 306/157 308/151
usemtl blinn2SG
f 294/392 293/315 296/382 295/332
usemtl blinn1SG
f 298/152 297/150 308/151 307/156
f 299/386 298/152 301/154 300/153
f 302/388 301/154 304/155 303/389
f 303/389 305/391 311/335 312/390
f 305/391 304/155 307/156 306/157
f 310/349 309/158 82/159 81/160
f 312/161 311/335 86/334 85/162
f 76/249 74/33 13/163 25/164
usemtl blinn2SG
f 13/163 14/165 28/253 25/164
usemtl blinn1SG
f 14/165 15/166 29/167 28/253
usemtl blinn2SG
f 15/166 16/168 32/257 29/167
usemtl blinn1SG
f 16/168 17/169 33/170 32/257
usemtl blinn2SG
f 17/169 18/171 36/261 33/170
usemtl blinn1SG
f 18/171 19/172 37/173 36/261
usemtl blinn2SG
f 19/172 20/174 40/265 37/173
usemtl blinn1SG
f 20/174 21/175 41/176 40/265
usemtl blinn2SG
f 21/175 22/177 44/269 41/176
usemtl blinn1SG
f 22/177 23/178 45/179 44/269
usemtl blinn2SG
f 23/178 24/180 48/273 45/179
usemtl blinn1SG
f 24/180 77/181 79/182 48/273
f 91/183 92/184 95/185 98/50
usemtl blinn2SG
f 26/250 27/186 52/255 49/187
usemtl blinn1SG
f 103/188 104/189 107/190 110/58
usemtl blinn2SG
f 30/254 31/191 56/259 53/192
usemtl blinn1SG
f 115/193 116/194 119/195 122/66
usemtl blinn2SG
f 34/258 35/196 60/263 57/197
usemtl blinn1SG
f 127/198 128/199 131/200 134/74
usemtl blinn2SG
f 38/262 39/201 64/267 61/202
usemtl blinn1SG
f 139/203 140/204 143/205 146/82
usemtl blinn2SG
f 42/266 43/206 68/271 65/207
usemtl blinn1SG
f 151/208 152/209 155/210 158/90
usemtl blinn2SG
f 46/270 47/211 72/276 69/212
usemtl blinn1SG
f 163/213 164/214 167/215 170/98
f 83/216 50/217 1/219 81/218
usemtl blinn2SG
f 50/217 51/220 2/222 1/219
usemtl blinn1SG
f 51/220 54/221 3/223 2/222
usemtl blinn2SG
f 54/221 55/224 4/226 3/223
usemtl blinn1SG
f 55/224 58/225 5/227 4/226
usemtl blinn2SG
f 58/225 59/228 6/230 5/227
usemtl blinn1SG
f 59/228 62/229 7/231 6/230
usemtl blinn2SG
f 62/229 63/232 8/234 7/231
usemtl blinn1SG
f 63/232 66/233 9/235 8/234
usemtl blinn2SG
f 66/233 67/236 10/238 9/235
usemtl blinn1SG
f 67/236 70/237 11/239 10/238
usemtl blinn2SG
f 70/237 71/240 12/241 11/239
usemtl blinn1SG
f 71/240 88/275 86/40 12/241
f 85/242 87/243 80/244 78/35
f 84/245 82/246 73/247 75/248
f 76/249 25/164 93/45 90/44
f 26/250 49/187 96/47 94/46
f 50/217 83/216 99/49 97/48
f 84/251 75/34 89/252 100/43
f 28/253 29/167 105/53 102/52
f 30/254 53/192 108/55 106/54
f 54/221 51/220 111/57 109/56
f 52/255 27/186 101/256 112/51
f 32/257 33/170 117/61 114/60
f 34/258 57/197 120/63 118/62
f 58/225 55/224 123/65 121/64
f 56/259 31/191 113/260 124/59
f 36/261 37/173 129/69 126/68
f 38/262 61/202 132/71 130/70
f 62/229 59/228 135/73 133/72
f 60/263 35/196 125/264 136/67
f 40/265 41/176 141/77 138/76
f 42/266 65/207 144/79 142/78
f 66/233 63/232 147/81 145/80
f 64/267 39/201 137/268 148/75
f 44/269 45/179 153/85 150/84
f 46/270 69/212 156/87 154/86
f 70/237 67/236 159/89 157/88
f 68/271 43/206 149/272 160/83
f 48/273 79/182 165/93 162/92
f 80/274 87/41 168/95 166/94
f 88/275 71/240 171/97 169/96
f 72/276 47/211 161/277 172/91
f 74/278 173/279 176/280 13/281
usemtl blinn2SG
f 13/281 176/280 177/283 14/282
usemtl blinn1SG
f 14/282 177/283 180/284 15/285
usemtl blinn2SG
f 15/285 180/284 181/287 16/286
usemtl blinn1SG
f 16/286 181/287 184/288 17/289
usemtl blinn2SG
f 17/289 184/288 185/291 18/290
usemtl blinn1SG
f 18/290 185/291 188/292 19/293
usemtl blinn2SG
f 19/293 188/292 189/295 20/294
usemtl blinn1SG
f 20/294 189/295 192/296 21/297
usemtl blinn2SG
f 21/297 192/296 193/299 22/298
usemtl blinn1SG
f 22/298 193/299 196/300 23/301
usemtl blinn2SG
f 23/301 196/300 197/303 24/302
usemtl blinn1SG
f 24/302 197/303 200/387 77/101
f 202/104 211/108 208/107 205/106
usemtl blinn2SG
f 175/304 216/346 213/305 178/357
usemtl blinn1SG
f 218/112 227/116 224/115 221/114
usemtl blinn2SG
f 179/306 232/354 229/307 182/364
usemtl blinn1SG
f 234/120 243/124 240/123 237/122
usemtl blinn2SG
f 183/308 248/361 245/309 186/371
usemtl blinn1SG
f 250/128 259/132 256/131 253/130
usemtl blinn2SG
f 187/310 264/368 261/311 190/378
usemtl blinn1SG
f 266/136 275/140 272/139 269/138
usemtl blinn2SG
f 191/312 280/375 277/313 194/385
usemtl blinn1SG
f 282/144 291/148 288/147 285/146
usemtl blinn2SG
f 195/314 296/382 293/315 198/393
usemtl blinn1SG
f 298/152 307/156 304/155 301/154
f 310/349 81/160 1/316 215/317
usemtl blinn2SG
f 215/317 1/316 2/318 214/356
usemtl blinn1SG
f 214/356 2/318 3/319 231/320
usemtl blinn2SG
f 231/320 3/319 4/321 230/363
usemtl blinn1SG
f 230/363 4/321 5/322 247/323
usemtl blinn2SG
f 247/323 5/322 6/324 246/370
usemtl blinn1SG
f 246/370 6/324 7/325 263/326
usemtl blinn2SG
f 263/326 7/325 8/327 262/377
usemtl blinn1SG
f 262/377 8/327 9/328 279/329
usemtl blinn2SG
f 279/329 9/328 10/330 278/384
usemtl blinn1SG
f 278/384 10/330 11/331 295/332
usemtl blinn2SG
f 295/332 11/331 12/333 294/392
usemtl blinn1SG
f 294/392 12/333 86/334 311/335
f 312/336 85/31 78/337 199/338
f 309/339 174/340 73/341 82/342
f 173/279 203/343 204/105 176/280
f 175/304 206/344 207/345 216/346
f 215/317 209/347 210/348 310/349
f 309/158 212/109 201/103 174/350
f 177/283 219/351 220/113 180/284
f 179/306 222/352 223/353 232/354
f 231/320 225/355 226/117 214/356
f 213/305 228/111 217/110 178/357
f 181/287 235/358 236/121 184/288
f 183/308 238/359 239/360 248/361
f 247/323 241/362 242/125 230/363
f 229/307 244/119 233/118 182/364
f 185/291 251/365 252/129 188/292
f 187/310 254/366 255/367 264/368
f 263/326 257/369 258/133 246/370
f 245/309 260/127 249/126 186/371
f 189/295 267/372 268/137 192/296
f 191/312 270/373 271/374 280/375
f 279/329 273/376 274/141 262/377
f 261/311 276/135 265/134 190/378
f 193/299 283/379 284/145 196/300
f 195/314 286/380 287/381 296/382
f 295/332 289/383 290/149 278/384
f 277/313 292/143 281/142 194/385
f 197/303 299/386 300/153 200/387
f 199/102 302/388 303/389 312/390
f 311/335 305/391 306/157 294/392
f 293/315 308/151 297/150 198/393
f 89/252 90/44 91/183
f 92/184 93/45 94/46
f 95/185 96/47 97/48
f 98/50 99/49 100/43
f 101/256 102/52 103/188
f 104/189 105/53 106/54
f 107/190 108/55 109/56
f 110/58 111/57 112/51
f 113/260 114/60 115/193
f 116/194 117/61 118/62
f 119/195 120/63 121/64
f 122/66 123/65 124/59
f 125/264 126/68 127/198
f 128/199 129/69 130/70
f 131/200 132/71 133/72
f 134/74 135/73 136/67
f 137/268 138/76 139/203
f 140/204 141/77 142/78
f 143/205 144/79 145/80
f 146/82 147/81 148/75
f 149/272 150/84 151/208
f 152/209 153/85 154/86
f 155/210 156/87 157/88
f 158/90 159/89 160/83
f 161/277 162/92 163/213
f 164/214 165/93 166/94
f 167/215 168/95 169/96
f 170/98 171/97 172/91
f 201/103 202/104 203/343
f 204/105 205/106 206/344
f 207/345 208/107 209/347
f 210/348 211/108 212/109
f 217/110 218/112 219/351
f 220/113 221/114 222/352
f 223/353 224/115 225/355
f 226/117 227/116 228/111
f 233/118 234/120 235/358
f 236/121 237/122 238/359
f 239/360 240/123 241/362
f 242/125 243/124 244/119
f 249/126 250/128 251/365
f 252/129 253/130 254/366
f 255/367 256/131 257/369
f 258/133 259/132 260/127
f 265/134 266/136 267/372
f 268/137 269/138 270/373
f 271/374 272/139 273/376
f 274/141 275/140 276/135
f 281/142 282/144 283/379
f 284/145 285/146 286/380
f 287/381 288/147 289/383
f 290/149 291/148 292/143
f 297/150 298/152 299/386
f 300/153 301/154 302/388
f 303/389 304/155 305/391
f 306/157 307/156 308/151
f 313/394 314/395 316/396 315/397
f 324/398 323/399 322/400 321/401
f 426/402 425/403 318/404 323/399
usemtl blinn2SG
f 318/404 320/405 322/400 323/399
f 319/406 317/407 324/398 321/401
usemtl blinn1SG
f 326/408 328/409 327/410 325/411
f 324/412 321/413 322/414 323/415
f 516/416 426/417 323/415 331/418
usemtl blinn2SG
f 331/418 323/415 322/414 332/419
f 330/420 321/413 324/412 329/421
usemtl blinn1SG
f 418/422 419/423 421/424 420/425 321/401 322/400
f 428/426 429/427 427/428 426/402 323/399 324/398
f 419/429 418/430 322/414 321/413 420/431 421/432
f 429/433 428/434 324/412 323/415 426/417 427/435
usemtl blinn2SG
f 333/436 334/437 359/438 358/439
f 334/437 333/436 335/440 336/441
f 336/441 335/440 396/442 395/443
usemtl blinn1SG
f 337/444 338/445 340/446 339/447
usemtl blinn2SG
f 338/445 337/444 372/448 371/449
f 339/447 340/446 381/450 380/451
f 341/452 342/453 403/454 402/455
f 342/453 341/452 344/456 343/457
f 343/457 345/458 417/459 416/460
f 345/461 344/456 347/462 346/463
f 346/464 348/465 406/466 407/467
f 348/468 347/462 349/469 350/470
f 350/471 349/469 400/472 399/473
usemtl blinn1SG
f 351/474 352/475 354/476 353/477
usemtl blinn2SG
f 352/475 351/474 377/478 376/479
f 353/477 354/476 375/480 374/481
f 355/482 356/483 394/484 393/485
f 356/483 355/482 358/439 357/486
f 357/487 359/488 410/489 411/490
f 360/491 361/492 408/493 409/494
f 361/495 360/496 363/497 362/498
f 362/498 364/499 373/500 375/480
f 364/499 363/497 368/501 367/502
f 365/503 366/504 413/505 412/506
f 366/504 365/503 369/507 368/501
f 367/502 369/507 371/449 370/508
f 370/508 372/448 374/481 373/500
f 376/479 378/509 389/510 391/511
f 378/509 377/478 380/451 379/512
f 379/512 381/450 385/513 384/514
f 382/515 383/516 415/517 414/518
f 383/516 382/515 386/519 385/513
f 384/514 386/519 390/520 389/510
f 387/521 388/522 404/523 405/524
f 388/525 387/526 391/511 390/520
usemtl blinn1SG
f 392/527 394/484 399/473 398/528
usemtl blinn2SG
f 393/485 392/527 397/529 396/442
usemtl blinn1SG
f 395/443 397/529 401/530 403/454
usemtl blinn2SG
f 398/528 400/472 402/455 401/530
f 405/524 404/523 407/467 406/466
f 409/494 408/493 411/490 410/489
usemtl blinn1SG
f 412/506 413/531 429/427 428/426
f 414/518 415/517 420/425 421/424
f 416/460 417/459 419/423 418/422
f 422/532 425/403 426/402 427/428
usemtl blinn2SG
f 430/533 431/534 437/535 440/536
f 431/534 430/533 433/537 432/538
f 432/539 434/540 506/541 507/542
f 434/543 433/537 435/544 436/545
f 436/545 435/544 443/546 445/547
usemtl blinn1SG
f 441/548 442/549 451/550 450/551
usemtl blinn2SG
f 442/549 441/548 444/552 443/546
usemtl blinn1SG
f 445/547 444/552 447/553 446/554
usemtl blinn2SG
f 446/554 448/555 452/556 453/557
f 448/555 447/553 450/551 449/558
f 449/558 451/550 461/559 460/560
f 453/561 452/556 455/562 454/563
f 454/564 456/565 502/566 503/567
f 456/568 455/562 458/569 457/570
f 457/571 459/572 515/573 514/574
f 459/572 458/569 460/560 461/559
f 462/575 464/576 497/577 496/578
f 463/579 462/575 473/580 472/581
f 464/576 463/579 466/582 465/583
f 465/583 467/584 495/585 494/586
f 467/584 466/582 469/587 468/588
f 468/588 470/589 474/590 475/591
f 470/589 469/587 472/581 471/592
f 471/592 473/580 479/593 478/594
usemtl blinn1SG
f 475/591 474/590 476/595 477/596
usemtl blinn2SG
f 477/596 476/595 485/597 487/598
usemtl blinn1SG
f 478/594 479/593 481/599 480/600
usemtl blinn2SG
f 480/600 481/599 482/601 484/602
f 483/603 482/601 493/604 492/605
f 484/602 483/603 486/606 485/597
f 487/598 486/606 489/607 488/608
f 488/608 490/609 499/610 498/611
f 490/609 489/607 492/605 491/612
f 491/612 493/604 501/613 500/614
f 494/615 495/585 511/616 510/617
f 496/618 497/619 508/620 509/621
f 498/611 499/610 513/622 512/623
f 500/624 501/625 504/626 505/627
f 503/567 502/566 505/627 504/626
f 507/542 506/541 509/621 508/620
usemtl blinn1SG
f 510/628 511/616 428/434 429/433
f 512/623 513/622 421/432 420/431
f 514/574 515/573 418/430 419/429
f 516/416 519/629 427/435 426/417
usemtl blinn2SG
f 333/436 358/439 355/482 335/440
usemtl blinn1SG
f 397/529 392/527 398/528 401/530
usemtl blinn2SG
f 341/452 349/469 347/462 344/456
f 364/499 367/502 370/508 373/500
usemtl blinn1SG
f 353/477 337/444 339/447 351/474
usemtl blinn2SG
f 378/509 379/512 384/514 389/510
f 360/496 366/504 368/501 363/497
f 365/503 338/445 371/449 369/507
f 337/444 353/477 374/481 372/448
f 354/630 361/495 362/498 375/480
f 351/474 339/447 380/451 377/478
f 340/446 383/516 385/513 381/450
f 382/631 388/525 390/520 386/519
f 387/526 352/632 376/479 391/511
f 335/440 355/482 393/485 396/442
usemtl blinn1SG
f 356/633 350/471 399/473 394/484
usemtl blinn2SG
f 349/469 341/452 402/455 400/472
usemtl blinn1SG
f 342/453 336/441 395/443 403/454
usemtl blinn2SG
f 414/518 417/459 407/467 404/523
f 405/524 406/466 314/395 313/394
f 315/397 316/396 411/490 408/493
f 409/494 410/489 423/634 422/635 413/636
f 365/503 412/506 317/407 338/445
usemtl blinn1SG
f 338/445 317/407 319/406 340/446
usemtl blinn2SG
f 340/446 319/406 415/517 383/516
f 382/515 414/518 404/523 388/522
f 387/637 405/524 313/394 352/638
usemtl blinn1SG
f 352/638 313/394 315/397 354/639
usemtl blinn2SG
f 354/639 315/397 408/493 361/492
f 360/491 409/494 413/636 366/640
f 417/459 345/458 346/464 407/467
f 314/395 406/466 348/465 350/641
usemtl blinn1SG
f 316/396 314/395 350/641 356/642
usemtl blinn2SG
f 411/490 316/396 356/642 357/487
f 318/404 425/403 424/643 334/437 336/441
usemtl blinn1SG
f 320/405 318/404 336/441 342/453
usemtl blinn2SG
f 416/460 320/405 342/453 343/457
usemtl blinn1SG
f 417/459 414/518 421/424 419/423
f 415/517 319/406 321/401 420/425
f 320/405 416/460 418/422 322/400
f 413/531 422/532 427/428 429/427
f 317/407 412/506 428/426 324/398
usemtl blinn2SG
f 430/533 440/536 435/544 433/537
usemtl blinn1SG
f 441/548 450/551 447/553 444/552
usemtl blinn2SG
f 460/560 458/569 455/562 452/556
f 463/579 472/581 469/587 466/582
usemtl blinn1SG
f 478/594 480/600 476/595 474/590
usemtl blinn2SG
f 483/603 492/605 489/607 486/606
f 497/577 464/576 465/583 494/586
f 495/585 467/584 468/588 475/591
f 474/590 470/589 471/592 478/594
f 479/644 473/580 462/575 496/645
f 480/600 484/602 485/597 476/595
f 477/596 487/598 488/608 498/611
f 499/610 490/609 491/612 500/614
f 501/646 493/604 482/601 481/647
usemtl blinn1SG
f 436/648 445/547 446/554 453/557
usemtl blinn2SG
f 452/556 448/555 449/558 460/560
usemtl blinn1SG
f 461/559 451/550 442/549 439/649 438/650
usemtl blinn2SG
f 513/622 505/627 502/566 514/574
f 504/626 326/408 325/411 503/567
f 328/409 509/621 506/541 327/410
f 508/620 510/651 519/652 518/653 507/542
f 495/585 475/591 329/421 511/616
usemtl blinn1SG
f 475/591 477/596 330/420 329/421
usemtl blinn2SG
f 477/596 498/611 512/623 330/420
f 499/654 500/624 505/627 513/622
f 501/625 481/655 326/408 504/626
usemtl blinn1SG
f 481/655 479/656 328/409 326/408
usemtl blinn2SG
f 479/656 496/618 509/621 328/409
f 497/619 494/657 510/651 508/620
f 514/574 502/566 456/565 457/571
f 325/411 453/658 454/564 503/567
usemtl blinn1SG
f 327/410 436/659 453/658 325/411
usemtl blinn2SG
f 506/541 434/540 436/659 327/410
f 331/418 437/535 431/534 517/660 516/416
usemtl blinn1SG
f 332/419 461/559 438/650 437/535 331/418
usemtl blinn2SG
f 515/573 459/572 461/559 332/419
usemtl blinn1SG
f 514/574 419/429 421/432 513/622
f 512/623 420/431 321/413 330/420
f 332/419 322/414 418/430 515/573
f 510/628 429/433 427/435 519/629
f 329/421 324/412 428/434 511/616
usemtl blinn2SG
f 424/661 423/634 410/489 359/488 334/662
f 440/536 439/649 442/549 443/546 435/544
f 518/653 517/663 431/664 432/539 507/542
f 343/457 344/456 345/461
f 346/463 347/462 348/468
f 357/486 358/439 359/438
f 362/498 363/497 364/499
f 367/502 368/501 369/507
f 370/508 371/449 372/448
f 373/500 374/481 375/480
f 376/479 377/478 378/509
f 379/512 380/451 381/450
f 384/514 385/513 386/519
f 389/510 390/520 391/511
f 392/527 393/485 394/484
f 395/443 396/442 397/529
f 398/528 399/473 400/472
f 401/530 402/455 403/454
f 422/635 423/634 424/661 425/665
f 432/538 433/537 434/543
f 437/535 438/650 439/649 440/536
f 443/546 444/552 445/547
f 446/554 447/553 448/555
f 449/558 450/551 451/550
f 454/563 455/562 456/568
f 457/570 458/569 459/572
f 462/575 463/579 464/576
f 465/583 466/582 467/584
f 468/588 469/587 470/589
f 471/592 472/581 473/580
f 482/601 483/603 484/602
f 485/597 486/606 487/598
f 488/608 489/607 490/609
f 491/612 492/605 493/604
f 516/666 517/663 518/653 519/652
usemtl blinn3SG
f 522/667 523/668 563/669 562/670
f 523/668 522/667 524/671 525/672
f 525/672 524/671 564/673 565/674
f 526/675 527/676 567/677 566/678
f 527/676 526/675 528/679 529/680
f 529/680 528/679 568/681 569/682
f 530/683 531/684 571/685 570/686
f 531/684 530/683 532/687 533/688
f 533/688 532/687 572/689 573/690
f 534/691 535/692 575/693 574/694
f 535/692 534/691 536/695 537/696
f 537/696 536/695 576/697 577/698
f 538/699 539/700 579/701 578/702
f 539/700 538/699 540/703 541/704
f 541/704 540/703 580/705 581/706
f 542/707 543/708 583/709 582/710
f 543/708 542/707 544/711 545/712
f 545/712 544/711 584/713 585/714
f 546/715 547/716 587/717 586/718
f 547/716 546/715 548/719 549/720
f 549/720 548/719 588/721 589/722
f 550/723 551/724 591/725 590/726
f 551/724 550/723 552/727 553/728
f 553/728 552/727 592/729 593/730
f 554/731 555/732 595/733 594/734
f 555/732 554/731 556/735 557/736
f 557/736 556/735 596/737 597/738
f 558/739 559/740 599/741 598/742
f 559/740 558/739 560/743 561/744
f 561/744 560/743 600/745 601/746
f 562/670 563/669 565/674 564/673
f 566/678 567/677 569/682 568/681
f 570/686 571/685 573/690 572/689
f 574/694 575/693 577/698 576/697
f 578/702 579/701 581/706 580/705
f 582/710 583/709 585/714 584/713
f 586/718 587/717 589/722 588/721
f 590/726 591/725 593/730 592/729
f 594/734 595/733 597/738 596/737
f 598/742 599/741 601/746 600/745
f 602/747 603/748 641/749 640/750
f 603/748 602/747 604/751 605/752
f 605/752 604/751 606/753 607/754
f 607/754 606/753 608/755 609/756
f 609/756 608/755 610/757 611/758
f 611/758 610/757 612/759 613/760
f 613/760 612/759 614/761 615/762
f 615/762 614/761 616/763 617/764
f 617/764 616/763 618/765 619/766
f 619/766 618/765 620/767 621/768
f 621/768 620/767 622/769 623/770
f 623/770 622/769 624/771 625/772
f 625/772 624/771 626/773 627/774
f 627/774 626/773 628/775 629/776
f 629/776 628/775 630/777 631/778
f 631/778 630/777 632/779 633/780
f 633/780 632/779 634/781 635/782
f 635/782 634/781 636/783 637/784
f 637/784 636/783 638/785 639/786
f 639/786 638/785 640/750 641/749
f 642/787 643/788 681/789 680/790
f 643/791 642/792 644/793 645/794
f 645/795 644/793 646/796 647/797
f 647/798 646/796 648/799 649/800
f 649/801 648/799 650/802 651/803
f 651/804 650/802 652/805 653/806
f 653/807 652/805 654/808 655/809
f 655/810 654/808 656/811 657/812
f 657/813 656/811 658/814 659/815
f 659/816 658/814 660/817 661/818
f 661/819 660/817 662/820 663/821
f 663/822 662/820 664/823 665/824
f 665/825 664/823 666/826 667/827
f 667/828 666/826 668/829 669/830
f 669/831 668/829 670/832 671/833
f 671/834 670/832 672/835 673/836
f 673/837 672/835 674/838 675/839
f 675/840 674/838 676/841 677/842
f 677/843 676/841 678/844 679/845
f 679/846 678/844 680/790 681/847
f 682/848 683/849 723/850 722/851
f 683/849 682/848 684/852 685/853
f 685/853 684/852 724/854 725/855
f 686/856 687/857 727/858 726/859
f 687/857 686/856 688/860 689/861
f 689/861 688/860 728/862 729/863
f 690/864 691/865 731/866 730/867
f 691/865 690/864 692/868 693/869
f 693/869 692/868 732/870 733/871
f 694/872 695/873 735/874 734/875
f 695/873 694/872 696/876 697/877
f 697/877 696/876 736/878 737/879
f 698/880 699/881 739/882 738/883
f 699/881 698/880 700/884 701/885
f 701/885 700/884 740/886 741/887
f 702/888 703/889 743/890 742/891
f 703/889 702/888 704/892 705/893
f 705/893 704/892 744/894 745/895
f 706/896 707/897 747/898 746/899
f 707/897 706/896 708/900 709/901
f 709/901 708/900 748/902 749/903
f 710/904 711/905 751/906 750/907
f 711/905 710/904 712/908 713/909
f 713/909 712/908 752/910 753/911
f 714/912 715/913 755/914 754/915
f 715/913 714/912 716/916 717/917
f 717/917 716/916 756/918 757/919
f 718/920 719/921 759/922 758/923
f 719/921 718/920 720/924 721/925
f 721/925 720/924 760/926 761/927
f 722/851 723/850 725/855 724/854
f 726/859 727/858 729/863 728/862
f 730/867 731/866 733/871 732/870
f 734/875 735/874 737/879 736/878
f 738/883 739/882 741/887 740/886
f 742/891 743/890 745/895 744/894
f 746/899 747/898 749/903 748/902
f 750/907 751/906 753/911 752/910
f 754/915 755/914 757/919 756/918
f 758/923 759/922 761/927 760/926
f 524/671 526/675 566/678 564/673
f 528/679 530/683 570/686 568/681
f 532/687 534/691 574/694 572/689
f 536/695 538/699 578/702 576/697
f 540/703 542/707 582/710 580/705
f 544/711 546/715 586/718 584/713
f 548/719 550/723 590/726 588/721
f 552/727 554/731 594/734 592/729
f 556/735 558/739 598/742 596/737
f 560/743 522/667 562/670 600/745
f 562/670 564/673 604/751 602/747
f 564/673 566/678 606/753 604/751
f 566/678 568/681 608/755 606/753
f 568/681 570/686 610/757 608/755
f 570/686 572/689 612/759 610/757
f 572/689 574/694 614/761 612/759
f 574/694 576/697 616/763 614/761
f 576/697 578/702 618/765 616/763
f 578/702 580/705 620/767 618/765
f 580/705 582/710 622/769 620/767
f 582/710 584/713 624/771 622/769
f 584/713 586/718 626/773 624/771
f 586/718 588/721 628/775 626/773
f 588/721 590/726 630/777 628/775
f 590/726 592/729 632/779 630/777
f 592/729 594/734 634/781 632/779
f 594/734 596/737 636/783 634/781
f 596/737 598/742 638/785 636/783
f 598/742 600/745 640/750 638/785
f 600/745 562/670 602/747 640/750
f 603/928 605/929 644/793 642/792
f 605/929 607/930 646/796 644/793
f 607/930 609/931 648/799 646/796
f 609/931 611/932 650/802 648/799
f 611/932 613/933 652/805 650/802
f 613/933 615/934 654/808 652/805
f 615/934 617/935 656/811 654/808
f 617/935 619/936 658/814 656/811
f 619/936 621/937 660/817 658/814
f 621/937 623/938 662/820 660/817
f 623/938 625/939 664/823 662/820
f 625/939 627/940 666/826 664/823
f 627/940 629/941 668/829 666/826
f 629/941 631/942 670/832 668/829
f 631/942 633/943 672/835 670/832
f 633/943 635/944 674/838 672/835
f 635/944 637/945 676/841 674/838
f 637/945 639/946 678/844 676/841
f 639/946 641/947 680/790 678/844
f 641/947 603/948 642/787 680/790
f 643/949 645/950 684/852 682/848
f 645/950 647/951 686/856 684/852
f 647/951 649/952 688/860 686/856
f 649/952 651/953 690/864 688/860
f 651/953 653/954 692/868 690/864
f 653/954 655/955 694/872 692/868
f 655/955 657/956 696/876 694/872
f 657/956 659/957 698/880 696/876
f 659/957 661/958 700/884 698/880
f 661/958 663/959 702/888 700/884
f 663/959 665/960 704/892 702/888
f 665/960 667/961 706/896 704/892
f 667/961 669/962 708/900 706/896
f 669/962 671/963 710/904 708/900
f 671/963 673/964 712/908 710/904
f 673/964 675/965 714/912 712/908
f 675/965 677/966 716/916 714/912
f 677/966 679/967 718/920 716/916
f 679/967 681/968 720/924 718/920
f 681/968 643/949 682/848 720/924
f 684/852 686/856 726/859 724/854
f 688/860 690/864 730/867 728/862
f 692/868 694/872 734/875 732/870
f 696/876 698/880 738/883 736/878
f 700/884 702/888 742/891 740/886
f 704/892 706/896 746/899 744/894
f 708/900 710/904 750/907 748/902
f 712/908 714/912 754/915 752/910
f 716/916 718/920 758/923 756/918
f 720/924 682/848 722/851 760/926
f 524/671 522/667 520/969
f 526/675 524/671 520/969
f 528/679 526/675 520/969
f 530/683 528/679 520/969
f 532/687 530/683 520/969
f 534/691 532/687 520/969
f 536/695 534/691 520/969
f 538/699 536/695 520/969
f 540/703 538/699 520/969
f 542/707 540/703 520/969
f 544/711 542/707 520/969
f 546/715 544/711 520/969
f 548/719 546/715 520/969
f 550/723 548/719 520/969
f 552/727 550/723 520/969
f 554/731 552/727 520/969
f 556/735 554/731 520/969
f 558/739 556/735 520/969
f 560/743 558/739 520/969
f 522/667 560/743 520/969
f 722/851 724/854 521/970
f 724/854 726/859 521/970
f 726/859 728/862 521/970
f 728/862 730/867 521/970
f 730/867 732/870 521/970
f 732/870 734/875 521/970
f 734/875 736/878 521/970
f 736/878 738/883 521/970
f 738/883 740/886 521/970
f 740/886 742/891 521/970
f 742/891 744/894 521/970
f 744/894 746/899 521/970
f 746/899 748/902 521/970
f 748/902 750/907 521/970
f 750/907 752/910 521/970
f 752/910 754/915 521/970
f 754/915 756/918 521/970
f 756/918 758/923 521/970
f 758/923 760/926 521/970
f 760/926 722/851 521/970
f 545/712 585/714 705/893 745/895
f 583/709 543/708 743/890 703/889
f 541/704 581/706 701/885 741/887
f 579/701 539/700 739/882 699/881
f 537/696 577/698 697/877 737/879
f 575/693 535/692 735/874 695/873
f 533/688 573/690 693/869 733/871
f 571/685 531/684 731/866 691/865
f 529/680 569/682 689/861 729/863
f 567/677 527/676 727/858 687/857
f 525/672 565/674 685/853 725/855
f 563/669 523/668 723/850 683/849
f 561/744 601/746 721/925 761/927
f 599/741 559/740 759/922 719/921
f 557/736 597/738 717/917 757/919
f 595/733 555/732 755/914 715/913
f 553/728 593/730 713/909 753/911
f 591/725 551/724 751/906 711/905
f 549/720 589/722 709/901 749/903
f 587/717 547/716 747/898 707/897
f 525/672 725/855 723/850 523/668
f 561/744 761/927 759/922 559/740
f 529/680 729/863 727/858 527/676
f 533/688 733/871 731/866 531/684
f 537/696 737/879 735/874 535/692
f 541/704 741/887 739/882 539/700
f 545/712 745/895 743/890 543/708
f 549/720 749/903 747/898 547/716
f 553/728 753/911 751/906 551/724
f 557/736 757/919 755/914 555/732
f 601/746 599/741 719/921 721/925
f 565/674 563/669 683/849 685/853
f 569/682 567/677 687/857 689/861
f 573/690 571/685 691/865 693/869
f 577/698 575/693 695/873 697/877
f 581/706 579/701 699/881 701/885
f 585/714 583/709 703/889 705/893
f 589/722 587/717 707/897 709/901
f 593/730 591/725 711/905 713/909
f 597/738 595/733 715/913 717/917
usemtl blinn4SG
f 764/971 765/972 767/973 766/974
f 765/975 764/976 786/977 787/978
f 766/974 767/979 769/980 768/981
f 768/981 769/982 771/983 770/984
f 770/984 771/985 773/986 772/987
f 772/987 773/988 775/989 774/990
f 774/990 775/991 777/992 776/993
f 776/993 777/994 779/995 778/996
f 778/996 779/997 781/998 780/999
f 780/999 781/1000 783/1001 782/1002
f 782/1002 783/1003 785/1004 784/1005
f 784/1005 785/1006 787/1007 786/977
f 788/1008 789/1009 811/1010 810/1011
f 789/1012 788/1013 790/1014 791/1015
f 791/1016 790/1014 792/1017 793/1018
f 793/1019 792/1017 794/1020 795/1021
f 795/1022 794/1020 796/1023 797/1024
f 797/1025 796/1023 798/1026 799/1027
f 799/1028 798/1026 800/1029 801/1030
f 801/1031 800/1029 802/1032 803/1033
f 803/1034 802/1032 804/1035 805/1036
f 805/1037 804/1035 806/1038 807/1039
f 807/1040 806/1038 808/1041 809/1042
f 809/1043 808/1041 810/1011 811/1044
f 764/971 766/974 790/1014 788/1013
f 766/974 768/981 792/1017 790/1014
f 768/981 770/984 794/1020 792/1017
f 770/984 772/987 796/1023 794/1020
f 772/987 774/990 798/1026 796/1023
f 774/990 776/993 800/1029 798/1026
f 776/993 778/996 802/1032 800/1029
f 778/996 780/999 804/1035 802/1032
f 780/999 782/1002 806/1038 804/1035
f 782/1002 784/1005 808/1041 806/1038
f 784/1005 786/977 810/1011 808/1041
f 786/977 764/976 788/1008 810/1011
f 767/1045 765/1046 762/1047
f 769/1048 767/1045 762/1047
f 771/1049 769/1048 762/1047
f 773/1050 771/1049 762/1047
f 775/1051 773/1050 762/1047
f 777/1052 775/1051 762/1047
f 779/1053 777/1052 762/1047
f 781/1054 779/1053 762/1047
f 783/1055 781/1054 762/1047
f 785/1056 783/1055 762/1047
f 787/1057 785/1056 762/1047
f 765/1046 787/1057 762/1047
f 789/1058 791/1059 763/1060
f 791/1059 793/1061 763/1060
f 793/1061 795/1062 763/1060
f 795/1062 797/1063 763/1060
f 797/1063 799/1064 763/1060
f 799/1064 801/1065 763/1060
f 801/1065 803/1066 763/1060
f 803/1066 805/1067 763/1060
f 805/1067 807/1068 763/1060
f 807/1068 809/1069 763/1060
f 809/1069 811/1070 763/1060
f 811/1070 789/1058 763/1060
usemtl blinn3SG
f 814/1071 815/1072 855/1073 854/1074
f 815/1072 814/1071 816/1075 817/1076
f 817/1076 816/1075 856/1077 857/1078
f 818/1079 819/1080 859/1081 858/1082
f 819/1080 818/1079 820/1083 821/1084
f 821/1084 820/1083 860/1085 861/1086
f 822/1087 823/1088 863/1089 862/1090
f 823/1088 822/1087 824/1091 825/1092
f 825/1092 824/1091 864/1093 865/1094
f 826/1095 827/1096 867/1097 866/1098
f 827/1096 826/1095 828/1099 829/1100
f 829/1100 828/1099 868/1101 869/1102
f 830/1103 831/1104 871/1105 870/1106
f 831/1104 830/1103 832/1107 833/1108
f 833/1108 832/1107 872/1109 873/1110
f 834/1111 835/1112 875/1113 874/1114
f 835/1112 834/1111 836/1115 837/1116
f 837/1116 836/1115 876/1117 877/1118
f 838/1119 839/1120 879/1121 878/1122
f 839/1120 838/1119 840/1123 841/1124
f 841/1124 840/1123 880/1125 881/1126
f 842/1127 843/1128 883/1129 882/1130
f 843/1128 842/1127 844/1131 845/1132
f 845/1132 844/1131 884/1133 885/1134
f 846/1135 847/1136 887/1137 886/1138
f 847/1136 846/1135 848/1139 849/1140
f 849/1140 848/1139 888/1141 889/1142
f 850/1143 851/1144 891/1145 890/1146
f 851/1144 850/1143 852/1147 853/1148
f 853/1148 852/1147 892/1149 893/1150
f 854/1074 855/1073 857/1078 856/1077
f 858/1082 859/1081 861/1086 860/1085
f 862/1090 863/1089 865/1094 864/1093
f 866/1098 867/1097 869/1102 868/1101
f 870/1106 871/1105 873/1110 872/1109
f 874/1114 875/1113 877/1118 876/1117
f 878/1122 879/1121 881/1126 880/1125
f 882/1130 883/1129 885/1134 884/1133
f 886/1138 887/1137 889/1142 888/1141
f 890/1146 891/1145 893/1150 892/1149
f 894/1151 895/1152 933/1153 932/1154
f 895/1152 894/1151 896/1155 897/1156
f 897/1156 896/1155 898/1157 899/1158
f 899/1158 898/1157 900/1159 901/1160
f 901/1160 900/1159 902/1161 903/1162
f 903/1162 902/1161 904/1163 905/1164
f 905/1164 904/1163 906/1165 907/1166
f 907/1166 906/1165 908/1167 909/1168
f 909/1168 908/1167 910/1169 911/1170
f 911/1170 910/1169 912/1171 913/1172
f 913/1172 912/1171 914/1173 915/1174
f 915/1174 914/1173 916/1175 917/1176
f 917/1176 916/1175 918/1177 919/1178
f 919/1178 918/1177 920/1179 921/1180
f 921/1180 920/1179 922/1181 923/1182
f 923/1182 922/1181 924/1183 925/1184
f 925/1184 924/1183 926/1185 927/1186
f 927/1186 926/1185 928/1187 929/1188
f 929/1188 928/1187 930/1189 931/1190
f 931/1190 930/1189 932/1154 933/1153
f 934/1191 935/1192 973/1193 972/1194
f 935/1195 934/1196 936/1197 937/1198
f 937/1199 936/1197 938/1200 939/1201
f 939/1202 938/1200 940/1203 941/1204
f 941/1205 940/1203 942/1206 943/1207
f 943/1208 942/1206 944/1209 945/1210
f 945/1211 944/1209 946/1212 947/1213
f 947/1214 946/1212 948/1215 949/1216
f 949/1217 948/1215 950/1218 951/1219
f 951/1220 950/1218 952/1221 953/1222
f 953/1223 952/1221 954/1224 955/1225
f 955/1226 954/1224 956/1227 957/1228
f 957/1229 956/1227 958/1230 959/1231
f 959/1232 958/1230 960/1233 961/1234
f 961/1235 960/1233 962/1236 963/1237
f 963/1238 962/1236 964/1239 965/1240
f 965/1241 964/1239 966/1242 967/1243
f 967/1244 966/1242 968/1245 969/1246
f 969/1247 968/1245 970/1248 971/1249
f 971/1250 970/1248 972/1194 973/1251
f 974/1252 975/1253 1015/1254 1014/1255
f 975/1253 974/1252 976/1256 977/1257
f 977/1257 976/1256 1016/1258 1017/1259
f 978/1260 979/1261 1019/1262 1018/1263
f 979/1261 978/1260 980/1264 981/1265
f 981/1265 980/1264 1020/1266 1021/1267
f 982/1268 983/1269 1023/1270 1022/1271
f 983/1269 982/1268 984/1272 985/1273
f 985/1273 984/1272 1024/1274 1025/1275
f 986/1276 987/1277 1027/1278 1026/1279
f 987/1277 986/1276 988/1280 989/1281
f 989/1281 988/1280 1028/1282 1029/1283
f 990/1284 991/1285 1031/1286 1030/1287
f 991/1285 990/1284 992/1288 993/1289
f 993/1289 992/1288 1032/1290 1033/1291
f 994/1292 995/1293 1035/1294 1034/1295
f 995/1293 994/1292 996/1296 997/1297
f 997/1297 996/1296 1036/1298 1037/1299
f 998/1300 999/1301 1039/1302 1038/1303
f 999/1301 998/1300 1000/1304 1001/1305
f 1001/1305 1000/1304 1040/1306 1041/1307
f 1002/1308 1003/1309 1043/1310 1042/1311
f 1003/1309 1002/1308 1004/1312 1005/1313
f 1005/1313 1004/1312 1044/1314 1045/1315
f 1006/1316 1007/1317 1047/1318 1046/1319
f 1007/1317 1006/1316 1008/1320 1009/1321
f 1009/1321 1008/1320 1048/1322 1049/1323
f 1010/1324 1011/1325 1051/1326 1050/1327
f 1011/1325 1010/1324 1012/1328 1013/1329
f 1013/1329 1012/1328 1052/1330 1053/1331
f 1014/1255 1015/1254 1017/1259 1016/1258
f 1018/1263 1019/1262 1021/1267 1020/1266
f 1022/1271 1023/1270 1025/1275 1024/1274
f 1026/1279 1027/1278 1029/1283 1028/1282
f 1030/1287 1031/1286 1033/1291 1032/1290
f 1034/1295 1035/1294 1037/1299 1036/1298
f 1038/1303 1039/1302 1041/1307 1040/1306
f 1042/1311 1043/1310 1045/1315 1044/1314
f 1046/1319 1047/1318 1049/1323 1048/1322
f 1050/1327 1051/1326 1053/1331 1052/1330
f 816/1075 818/1079 858/1082 856/1077
f 820/1083 822/1087 862/1090 860/1085
f 824/1091 826/1095 866/1098 864/1093
f 828/1099 830/1103 870/1106 868/1101
f 832/1107 834/1111 874/1114 872/1109
f 836/1115 838/1119 878/1122 876/1117
f 840/1123 842/1127 882/1130 880/1125
f 844/1131 846/1135 886/1138 884/1133
f 848/1139 850/1143 890/1146 888/1141
f 852/1147 814/1071 854/1074 892/1149
f 854/1074 856/1077 896/1155 894/1151
f 856/1077 858/1082 898/1157 896/1155
f 858/1082 860/1085 900/1159 898/1157
f 860/1085 862/1090 902/1161 900/1159
f 862/1090 864/1093 904/1163 902/1161
f 864/1093 866/1098 906/1165 904/1163
f 866/1098 868/1101 908/1167 906/1165
f 868/1101 870/1106 910/1169 908/1167
f 870/1106 872/1109 912/1171 910/1169
f 872/1109 874/1114 914/1173 912/1171
f 874/1114 876/1117 916/1175 914/1173
f 876/1117 878/1122 918/1177 916/1175
f 878/1122 880/1125 920/1179 918/1177
f 880/1125 882/1130 922/1181 920/1179
f 882/1130 884/1133 924/1183 922/1181
f 884/1133 886/1138 926/1185 924/1183
f 886/1138 888/1141 928/1187 926/1185
f 888/1141 890/1146 930/1189 928/1187
f 890/1146 892/1149 932/1154 930/1189
f 892/1149 854/1074 894/1151 932/1154
f 895/1332 897/1333 936/1197 934/1196
f 897/1333 899/1334 938/1200 936/1197
f 899/1334 901/1335 940/1203 938/1200
f 901/1335 903/1336 942/1206 940/1203
f 903/1336 905/1337 944/1209 942/1206
f 905/1337 907/1338 946/1212 944/1209
f 907/1338 909/1339 948/1215 946/1212
f 909/1339 911/1340 950/1218 948/1215
f 911/1340 913/1341 952/1221 950/1218
f 913/1341 915/1342 954/1224 952/1221
f 915/1342 917/1343 956/1227 954/1224
f 917/1343 919/1344 958/1230 956/1227
f 919/1344 921/1345 960/1233 958/1230
f 921/1345 923/1346 962/1236 960/1233
f 923/1346 925/1347 964/1239 962/1236
f 925/1347 927/1348 966/1242 964/1239
f 927/1348 929/1349 968/1245 966/1242
f 929/1349 931/1350 970/1248 968/1245
f 931/1350 933/1351 972/1194 970/1248
f 933/1351 895/1352 934/1191 972/1194
f 935/1353 937/1354 976/1256 974/1252
f 937/1354 939/1355 978/1260 976/1256
f 939/1355 941/1356 980/1264 978/1260
f 941/1356 943/1357 982/1268 980/1264
f 943/1357 945/1358 984/1272 982/1268
f 945/1358 947/1359 986/1276 984/1272
f 947/1359 949/1360 988/1280 986/1276
f 949/1360 951/1361 990/1284 988/1280
f 951/1361 953/1362 992/1288 990/1284
f 953/1362 955/1363 994/1292 992/1288
f 955/1363 957/1364 996/1296 994/1292
f 957/1364 959/1365 998/1300 996/1296
f 959/1365 961/1366 1000/1304 998/1300
f 961/1366 963/1367 1002/1308 1000/1304
f 963/1367 965/1368 1004/1312 1002/1308
f 965/1368 967/1369 1006/1316 1004/1312
f 967/1369 969/1370 1008/1320 1006/1316
f 969/1370 971/1371 1010/1324 1008/1320
f 971/1371 973/1372 1012/1328 1010/1324
f 973/1372 935/1353 974/1252 1012/1328
f 976/1256 978/1260 1018/1263 1016/1258
f 980/1264 982/1268 1022/1271 1020/1266
f 984/1272 986/1276 1026/1279 1024/1274
f 988/1280 990/1284 1030/1287 1028/1282
f 992/1288 994/1292 1034/1295 1032/1290
f 996/1296 998/1300 1038/1303 1036/1298
f 1000/1304 1002/1308 1042/1311 1040/1306
f 1004/1312 1006/1316 1046/1319 1044/1314
f 1008/1320 1010/1324 1050/1327 1048/1322
f 1012/1328 974/1252 1014/1255 1052/1330
f 816/1075 814/1071 812/1373
f 818/1079 816/1075 812/1373
f 820/1083 818/1079 812/1373
f 822/1087 820/1083 812/1373
f 824/1091 822/1087 812/1373
f 826/1095 824/1091 812/1373
f 828/1099 826/1095 812/1373
f 830/1103 828/1099 812/1373
f 832/1107 830/1103 812/1373
f 834/1111 832/1107 812/1373
f 836/1115 834/1111 812/1373
f 838/1119 836/1115 812/1373
f 840/1123 838/1119 812/1373
f 842/1127 840/1123 812/1373
f 844/1131 842/1127 812/1373
f 846/1135 844/1131 812/1373
f 848/1139 846/1135 812/1373
f 850/1143 848/1139 812/1373
f 852/1147 850/1143 812/1373
f 814/1071 852/1147 812/1373
f 1014/1255 1016/1258 813/1374
f 1016/1258 1018/1263 813/1374
f 1018/1263 1020/1266 813/1374
f 1020/1266 1022/1271 813/1374
f 1022/1271 1024/1274 813/1374
f 1024/1274 1026/1279 813/1374
f 1026/1279 1028/1282 813/1374
f 1028/1282 1030/1287 813/1374
f 1030/1287 1032/1290 813/1374
f 1032/1290 1034/1295 813/1374
f 1034/1295 1036/1298 813/1374
f 1036/1298 1038/1303 813/1374
f 1038/1303 1040/1306 813/1374
f 1040/1306 1042/1311 813/1374
f 1042/1311 1044/1314 813/1374
f 1044/1314 1046/1319 813/1374
f 1046/1319 1048/1322 813/1374
f 1048/1322 1050/1327 813/1374
f 1050/1327 1052/1330 813/1374
f 1052/1330 1014/1255 813/1374
f 837/1116 877/1118 997/1297 1037/1299
f 875/1113 835/1112 1035/1294 995/1293
f 833/1108 873/1110 993/1289 1033/1291
f 871/1105 831/1104 1031/1286 991/1285
f 829/1100 869/1102 989/1281 1029/1283
f 867/1097 827/1096 1027/1278 987/1277
f 825/1092 865/1094 985/1273 1025/1275
f 863/1089 823/1088 1023/1270 983/1269
f 821/1084 861/1086 981/1265 1021/1267
f 859/1081 819/1080 1019/1262 979/1261
f 817/1076 857/1078 977/1257 1017/1259
f 855/1073 815/1072 1015/1254 975/1253
f 853/1148 893/1150 1013/1329 1053/1331
f 891/1145 851/1144 1051/1326 1011/1325
f 849/1140 889/1142 1009/1321 1049/1323
f 887/1137 847/1136 1047/1318 1007/1317
f 845/1132 885/1134 1005/1313 1045/1315
f 883/1129 843/1128 1043/1310 1003/1309
f 841/1124 881/1126 1001/1305 1041/1307
f 879/1121 839/1120 1039/1302 999/1301
f 817/1076 1017/1259 1015/1254 815/1072
f 853/1148 1053/1331 1051/1326 851/1144
f 821/1084 1021/1267 1019/1262 819/1080
f 825/1092 1025/1275 1023/1270 823/1088
f 829/1100 1029/1283 1027/1278 827/1096
f 833/1108 1033/1291 1031/1286 831/1104
f 837/1116 1037/1299 1035/1294 835/1112
f 841/1124 1041/1307 1039/1302 839/1120
f 845/1132 1045/1315 1043/1310 843/1128
f 849/1140 1049/1323 1047/1318 847/1136
f 893/1150 891/1145 1011/1325 1013/1329
f 857/1078 855/1073 975/1253 977/1257
f 861/1086 859/1081 979/1261 981/1265
f 865/1094 863/1089 983/1269 985/1273
f 869/1102 867/1097 987/1277 989/1281
f 873/1110 871/1105 991/1285 993/1289
f 877/1118 875/1113 995/1293 997/1297
f 881/1126 879/1121 999/1301 1001/1305
f 885/1134 883/1129 1003/1309 1005/1313
f 889/1142 887/1137 1007/1317 1009/1321
f 1056/1375 1057/1376 1097/1377 1096/1378
f 1057/1376 1056/1375 1058/1379 1059/1380
f 1059/1380 1058/1379 1098/1381 1099/1382
f 1060/1383 1061/1384 1101/1385 1100/1386
f 1061/1384 1060/1383 1062/1387 1063/1388
f 1063/1388 1062/1387 1102/1389 1103/1390
f 1064/1391 1065/1392 1105/1393 1104/1394
f 1065/1392 1064/1391 1066/1395 1067/1396
f 1067/1396 1066/1395 1106/1397 1107/1398
f 1068/1399 1069/1400 1109/1401 1108/1402
f 1069/1400 1068/1399 1070/1403 1071/1404
f 1071/1404 1070/1403 1110/1405 1111/1406
f 1072/1407 1073/1408 1113/1409 1112/1410
f 1073/1408 1072/1407 1074/1411 1075/1412
f 1075/1412 1074/1411 1114/1413 1115/1414
f 1076/1415 1077/1416 1117/1417 1116/1418
f 1077/1416 1076/1415 1078/1419 1079/1420
f 1079/1420 1078/1419 1118/1421 1119/1422
f 1080/1423 1081/1424 1121/1425 1120/1426
f 1081/1424 1080/1423 1082/1427 1083/1428
f 1083/1428 1082/1427 1122/1429 1123/1430
f 1084/1431 1085/1432 1125/1433 1124/1434
f 1085/1432 1084/1431 1086/1435 1087/1436
f 1087/1436 1086/1435 1126/1437 1127/1438
f 1088/1439 1089/1440 1129/1441 1128/1442
f 1089/1440 1088/1439 1090/1443 1091/1444
f 1091/1444 1090/1443 1130/1445 1131/1446
f 1092/1447 1093/1448 1133/1449 1132/1450
f 1093/1448 1092/1447 1094/1451 1095/1452
f 1095/1452 1094/1451 1134/1453 1135/1454
f 1096/1378 1097/1377 1099/1382 1098/1381
f 1100/1386 1101/1385 1103/1390 1102/1389
f 1104/1394 1105/1393 1107/1398 1106/1397
f 1108/1402 1109/1401 1111/1406 1110/1405
f 1112/1410 1113/1409 1115/1414 1114/1413
f 1116/1418 1117/1417 1119/1422 1118/1421
f 1120/1426 1121/1425 1123/1430 1122/1429
f 1124/1434 1125/1433 1127/1438 1126/1437
f 1128/1442 1129/1441 1131/1446 1130/1445
f 1132/1450 1133/1449 1135/1454 1134/1453
f 1136/1455 1137/1456 1175/1457 1174/1458
f 1137/1456 1136/1455 1138/1459 1139/1460
f 1139/1460 1138/1459 1140/1461 1141/1462
f 1141/1462 1140/1461 1142/1463 1143/1464
f 1143/1464 1142/1463 1144/1465 1145/1466
f 1145/1466 1144/1465 1146/1467 1147/1468
f 1147/1468 1146/1467 1148/1469 1149/1470
f 1149/1470 1148/1469 1150/1471 1151/1472
f 1151/1472 1150/1471 1152/1473 1153/1474
f 1153/1474 1152/1473 1154/1475 1155/1476
f 1155/1476 1154/1475 1156/1477 1157/1478
f 1157/1478 1156/1477 1158/1479 1159/1480
f 1159/1480 1158/1479 1160/1481 1161/1482
f 1161/1482 1160/1481 1162/1483 1163/1484
f 1163/1484 1162/1483 1164/1485 1165/1486
f 1165/1486 1164/1485 1166/1487 1167/1488
f 1167/1488 1166/1487 1168/1489 1169/1490
f 1169/1490 1168/1489 1170/1491 1171/1492
f 1171/1492 1170/1491 1172/1493 1173/1494
f 1173/1494 1172/1493 1174/1458 1175/1457
f 1176/1495 1177/1496 1215/1497 1214/1498
f 1177/1499 1176/1500 1178/1501 1179/1502
f 1179/1503 1178/1501 1180/1504 1181/1505
f 1181/1506 1180/1504 1182/1507 1183/1508
f 1183/1509 1182/1507 1184/1510 1185/1511
f 1185/1512 1184/1510 1186/1513 1187/1514
f 1187/1515 1186/1513 1188/1516 1189/1517
f 1189/1518 1188/1516 1190/1519 1191/1520
f 1191/1521 1190/1519 1192/1522 1193/1523
f 1193/1524 1192/1522 1194/1525 1195/1526
f 1195/1527 1194/1525 1196/1528 1197/1529
f 1197/1530 1196/1528 1198/1531 1199/1532
f 1199/1533 1198/1531 1200/1534 1201/1535
f 1201/1536 1200/1534 1202/1537 1203/1538
f 1203/1539 1202/1537 1204/1540 1205/1541
f 1205/1542 1204/1540 1206/1543 1207/1544
f 1207/1545 1206/1543 1208/1546 1209/1547
f 1209/1548 1208/1546 1210/1549 1211/1550
f 1211/1551 1210/1549 1212/1552 1213/1553
f 1213/1554 1212/1552 1214/1498 1215/1555
f 1216/1556 1217/1557 1257/1558 1256/1559
f 1217/1557 1216/1556 1218/1560 1219/1561
f 1219/1561 1218/1560 1258/1562 1259/1563
f 1220/1564 1221/1565 1261/1566 1260/1567
f 1221/1565 1220/1564 1222/1568 1223/1569
f 1223/1569 1222/1568 1262/1570 1263/1571
f 1224/1572 1225/1573 1265/1574 1264/1575
f 1225/1573 1224/1572 1226/1576 1227/1577
f 1227/1577 1226/1576 1266/1578 1267/1579
f 1228/1580 1229/1581 1269/1582 1268/1583
f 1229/1581 1228/1580 1230/1584 1231/1585
f 1231/1585 1230/1584 1270/1586 1271/1587
f 1232/1588 1233/1589 1273/1590 1272/1591
f 1233/1589 1232/1588 1234/1592 1235/1593
f 1235/1593 1234/1592 1274/1594 1275/1595
f 1236/1596 1237/1597 1277/1598 1276/1599
f 1237/1597 1236/1596 1238/1600 1239/1601
f 1239/1601 1238/1600 1278/1602 1279/1603
f 1240/1604 1241/1605 1281/1606 1280/1607
f 1241/1605 1240/1604 1242/1608 1243/1609
f 1243/1609 1242/1608 1282/1610 1283/1611
f 1244/1612 1245/1613 1285/1614 1284/1615
f 1245/1613 1244/1612 1246/1616 1247/1617
f 1247/1617 1246/1616 1286/1618 1287/1619
f 1248/1620 1249/1621 1289/1622 1288/1623
f 1249/1621 1248/1620 1250/1624 1251/1625
f 1251/1625 1250/1624 1290/1626 1291/1627
f 1252/1628 1253/1629 1293/1630 1292/1631
f 1253/1629 1252/1628 1254/1632 1255/1633
f 1255/1633 1254/1632 1294/1634 1295/1635
f 1256/1559 1257/1558 1259/1563 1258/1562
f 1260/1567 1261/1566 1263/1571 1262/1570
f 1264/1575 1265/1574 1267/1579 1266/1578
f 1268/1583 1269/1582 1271/1587 1270/1586
f 1272/1591 1273/1590 1275/1595 1274/1594
f 1276/1599 1277/1598 1279/1603 1278/1602
f 1280/1607 1281/1606 1283/1611 1282/1610
f 1284/1615 1285/1614 1287/1619 1286/1618
f 1288/1623 1289/1622 1291/1627 1290/1626
f 1292/1631 1293/1630 1295/1635 1294/1634
f 1058/1379 1060/1383 1100/1386 1098/1381
f 1062/1387 1064/1391 1104/1394 1102/1389
f 1066/1395 1068/1399 1108/1402 1106/1397
f 1070/1403 1072/1407 1112/1410 1110/1405
f 1074/1411 1076/1415 1116/1418 1114/1413
f 1078/1419 1080/1423 1120/1426 1118/1421
f 1082/1427 1084/1431 1124/1434 1122/1429
f 1086/1435 1088/1439 1128/1442 1126/1437
f 1090/1443 1092/1447 1132/1450 1130/1445
f 1094/1451 1056/1375 1096/1378 1134/1453
f 1096/1378 1098/1381 1138/1459 1136/1455
f 1098/1381 1100/1386 1140/1461 1138/1459
f 1100/1386 1102/1389 1142/1463 1140/1461
f 1102/1389 1104/1394 1144/1465 1142/1463
f 1104/1394 1106/1397 1146/1467 1144/1465
f 1106/1397 1108/1402 1148/1469 1146/1467
f 1108/1402 1110/1405 1150/1471 1148/1469
f 1110/1405 1112/1410 1152/1473 1150/1471
f 1112/1410 1114/1413 1154/1475 1152/1473
f 1114/1413 1116/1418 1156/1477 1154/1475
f 1116/1418 1118/1421 1158/1479 1156/1477
f 1118/1421 1120/1426 1160/1481 1158/1479
f 1120/1426 1122/1429 1162/1483 1160/1481
f 1122/1429 1124/1434 1164/1485 1162/1483
f 1124/1434 1126/1437 1166/1487 1164/1485
f 1126/1437 1128/1442 1168/1489 1166/1487
f 1128/1442 1130/1445 1170/1491 1168/1489
f 1130/1445 1132/1450 1172/1493 1170/1491
f 1132/1450 1134/1453 1174/1458 1172/1493
f 1134/1453 1096/1378 1136/1455 1174/1458
f 1137/1636 1139/1637 1178/1501 1176/1500
f 1139/1637 1141/1638 1180/1504 1178/1501
f 1141/1638 1143/1639 1182/1507 1180/1504
f 1143/1639 1145/1640 1184/1510 1182/1507
f 1145/1640 1147/1641 1186/1513 1184/1510
f 1147/1641 1149/1642 1188/1516 1186/1513
f 1149/1642 1151/1643 1190/1519 1188/1516
f 1151/1643 1153/1644 1192/1522 1190/1519
f 1153/1644 1155/1645 1194/1525 1192/1522
f 1155/1645 1157/1646 1196/1528 1194/1525
f 1157/1646 1159/1647 1198/1531 1196/1528
f 1159/1647 1161/1648 1200/1534 1198/1531
f 1161/1648 1163/1649 1202/1537 1200/1534
f 1163/1649 1165/1650 1204/1540 1202/1537
f 1165/1650 1167/1651 1206/1543 1204/1540
f 1167/1651 1169/1652 1208/1546 1206/1543
f 1169/1652 1171/1653 1210/1549 1208/1546
f 1171/1653 1173/1654 1212/1552 1210/1549
f 1173/1654 1175/1655 1214/1498 1212/1552
f 1175/1655 1137/1656 1176/1495 1214/1498
f 1177/1657 1179/1658 1218/1560 1216/1556
f 1179/1658 1181/1659 1220/1564 1218/1560
f 1181/1659 1183/1660 1222/1568 1220/1564
f 1183/1660 1185/1661 1224/1572 1222/1568
f 1185/1661 1187/1662 1226/1576 1224/1572
f 1187/1662 1189/1663 1228/1580 1226/1576
f 1189/1663 1191/1664 1230/1584 1228/1580
f 1191/1664 1193/1665 1232/1588 1230/1584
f 1193/1665 1195/1666 1234/1592 1232/1588
f 1195/1666 1197/1667 1236/1596 1234/1592
f 1197/1667 1199/1668 1238/1600 1236/1596
f 1199/1668 1201/1669 1240/1604 1238/1600
f 1201/1669 1203/1670 1242/1608 1240/1604
f 1203/1670 1205/1671 1244/1612 1242/1608
f 1205/1671 1207/1672 1246/1616 1244/1612
f 1207/1672 1209/1673 1248/1620 1246/1616
f 1209/1673 1211/1674 1250/1624 1248/1620
f 1211/1674 1213/1675 1252/1628 1250/1624
f 1213/1675 1215/1676 1254/1632 1252/1628
f 1215/1676 1177/1657 1216/1556 1254/1632
f 1218/1560 1220/1564 1260/1567 1258/1562
f 1222/1568 1224/1572 1264/1575 1262/1570
f 1226/1576 1228/1580 1268/1583 1266/1578
f 1230/1584 1232/1588 1272/1591 1270/1586
f 1234/1592 1236/1596 1276/1599 1274/1594
f 1238/1600 1240/1604 1280/1607 1278/1602
f 1242/1608 1244/1612 1284/1615 1282/1610
f 1246/1616 1248/1620 1288/1623 1286/1618
f 1250/1624 1252/1628 1292/1631 1290/1626
f 1254/1632 1216/1556 1256/1559 1294/1634
f 1058/1379 1056/1375 1054/1677
f 1060/1383 1058/1379 1054/1677
f 1062/1387 1060/1383 1054/1677
f 1064/1391 1062/1387 1054/1677
f 1066/1395 1064/1391 1054/1677
f 1068/1399 1066/1395 1054/1677
f 1070/1403 1068/1399 1054/1677
f 1072/1407 1070/1403 1054/1677
f 1074/1411 1072/1407 1054/1677
f 1076/1415 1074/1411 1054/1677
f 1078/1419 1076/1415 1054/1677
f 1080/1423 1078/1419 1054/1677
f 1082/1427 1080/1423 1054/1677
f 1084/1431 1082/1427 1054/1677
f 1086/1435 1084/1431 1054/1677
f 1088/1439 1086/1435 1054/1677
f 1090/1443 1088/1439 1054/1677
f 1092/1447 1090/1443 1054/1677
f 1094/1451 1092/1447 1054/1677
f 1056/1375 1094/1451 1054/1677
f 1256/1559 1258/1562 1055/1678
f 1258/1562 1260/1567 1055/1678
f 1260/1567 1262/1570 1055/1678
f 1262/1570 1264/1575 1055/1678
f 1264/1575 1266/1578 1055/1678
f 1266/1578 1268/1583 1055/1678
f 1268/1583 1270/1586 1055/1678
f 1270/1586 1272/1591 1055/1678
f 1272/1591 1274/1594 1055/1678
f 1274/1594 1276/1599 1055/1678
f 1276/1599 1278/1602 1055/1678
f 1278/1602 1280/1607 1055/1678
f 1280/1607 1282/1610 1055/1678
f 1282/1610 1284/1615 1055/1678
f 1284/1615 1286/1618 1055/1678
f 1286/1618 1288/1623 1055/1678
f 1288/1623 1290/1626 1055/1678
f 1290/1626 1292/1631 1055/1678
f 1292/1631 1294/1634 1055/1678
f 1294/1634 1256/1559 1055/1678
f 1079/1420 1119/1422 1239/1601 1279/1603
f 1117/1417 1077/1416 1277/1598 1237/1597
f 1075/1412 1115/1414 1235/1593 1275/1595
f 1113/1409 1073/1408 1273/1590 1233/1589
f 1071/1404 1111/1406 1231/1585 1271/1587
f 1109/1401 1069/1400 1269/1582 1229/1581
f 1067/1396 1107/1398 1227/1577 1267/1579
f 1105/1393 1065/1392 1265/1574 1225/1573
f 1063/1388 1103/1390 1223/1569 1263/1571
f 1101/1385 1061/1384 1261/1566 1221/1565
f 1059/1380 1099/1382 1219/1561 1259/1563
f 1097/1377 1057/1376 1257/1558 1217/1557
f 1095/1452 1135/1454 1255/1633 1295/1635
f 1133/1449 1093/1448 1293/1630 1253/1629
f 1091/1444 1131/1446 1251/1625 1291/1627
f 1129/1441 1089/1440 1289/1622 1249/1621
f 1087/1436 1127/1438 1247/1617 1287/1619
f 1125/1433 1085/1432 1285/1614 1245/1613
f 1083/1428 1123/1430 1243/1609 1283/1611
f 1121/1425 1081/1424 1281/1606 1241/1605
f 1059/1380 1259/1563 1257/1558 1057/1376
f 1095/1452 1295/1635 1293/1630 1093/1448
f 1063/1388 1263/1571 1261/1566 1061/1384
f 1067/1396 1267/1579 1265/1574 1065/1392
f 1071/1404 1271/1587 1269/1582 1069/1400
f 1075/1412 1275/1595 1273/1590 1073/1408
f 1079/1420 1279/1603 1277/1598 1077/1416
f 1083/1428 1283/1611 1281/1606 1081/1424
f 1087/1436 1287/1619 1285/1614 1085/1432
f 1091/1444 1291/1627 1289/1622 1089/1440
f 1135/1454 1133/1449 1253/1629 1255/1633
f 1099/1382 1097/1377 1217/1557 1219/1561
f 1103/1390 1101/1385 1221/1565 1223/1569
f 1107/1398 1105/1393 1225/1573 1227/1577
f 1111/1406 1109/1401 1229/1581 1231/1585
f 1115/1414 1113/1409 1233/1589 1235/1593
f 1119/1422 1117/1417 1237/1597 1239/1601
f 1123/1430 1121/1425 1241/1605 1243/1609
f 1127/1438 1125/1433 1245/1613 1247/1617
f 1131/1446 1129/1441 1249/1621 1251/1625
f 1298/1679 1299/1680 1339/1681 1338/1682
f 1299/1680 1298/1679 1300/1683 1301/1684
f 1301/1684 1300/1683 1340/1685 1341/1686
f 1302/1687 1303/1688 1343/1689 1342/1690
f 1303/1688 1302/1687 1304/1691 1305/1692
f 1305/1692 1304/1691 1344/1693 1345/1694
f 1306/1695 1307/1696 1347/1697 1346/1698
f 1307/1696 1306/1695 1308/1699 1309/1700
f 1309/1700 1308/1699 1348/1701 1349/1702
f 1310/1703 1311/1704 1351/1705 1350/1706
f 1311/1704 1310/1703 1312/1707 1313/1708
f 1313/1708 1312/1707 1352/1709 1353/1710
f 1314/1711 1315/1712 1355/1713 1354/1714
f 1315/1712 1314/1711 1316/1715 1317/1716
f 1317/1716 1316/1715 1356/1717 1357/1718
f 1318/1719 1319/1720 1359/1721 1358/1722
f 1319/1720 1318/1719 1320/1723 1321/1724
f 1321/1724 1320/1723 1360/1725 1361/1726
f 1322/1727 1323/1728 1363/1729 1362/1730
f 1323/1728 1322/1727 1324/1731 1325/1732
f 1325/1732 1324/1731 1364/1733 1365/1734
f 1326/1735 1327/1736 1367/1737 1366/1738
f 1327/1736 1326/1735 1328/1739 1329/1740
f 1329/1740 1328/1739 1368/1741 1369/1742
f 1330/1743 1331/1744 1371/1745 1370/1746
f 1331/1744 1330/1743 1332/1747 1333/1748
f 1333/1748 1332/1747 1372/1749 1373/1750
f 1334/1751 1335/1752 1375/1753 1374/1754
f 1335/1752 1334/1751 1336/1755 1337/1756
f 1337/1756 1336/1755 1376/1757 1377/1758
f 1338/1682 1339/1681 1341/1686 1340/1685
f 1342/1690 1343/1689 1345/1694 1344/1693
f 1346/1698 1347/1697 1349/1702 1348/1701
f 1350/1706 1351/1705 1353/1710 1352/1709
f 1354/1714 1355/1713 1357/1718 1356/1717
f 1358/1722 1359/1721 1361/1726 1360/1725
f 1362/1730 1363/1729 1365/1734 1364/1733
f 1366/1738 1367/1737 1369/1742 1368/1741
f 1370/1746 1371/1745 1373/1750 1372/1749
f 1374/1754 1375/1753 1377/1758 1376/1757
f 1378/1759 1379/1760 1417/1761 1416/1762
f 1379/1760 1378/1759 1380/1763 1381/1764
f 1381/1764 1380/1763 1382/1765 1383/1766
f 1383/1766 1382/1765 1384/1767 1385/1768
f 1385/1768 1384/1767 1386/1769 1387/1770
f 1387/1770 1386/1769 1388/1771 1389/1772
f 1389/1772 1388/1771 1390/1773 1391/1774
f 1391/1774 1390/1773 1392/1775 1393/1776
f 1393/1776 1392/1775 1394/1777 1395/1778
f 1395/1778 1394/1777 1396/1779 1397/1780
f 1397/1780 1396/1779 1398/1781 1399/1782
f 1399/1782 1398/1781 1400/1783 1401/1784
f 1401/1784 1400/1783 1402/1785 1403/1786
f 1403/1786 1402/1785 1404/1787 1405/1788
f 1405/1788 1404/1787 1406/1789 1407/1790
f 1407/1790 1406/1789 1408/1791 1409/1792
f 1409/1792 1408/1791 1410/1793 1411/1794
f 1411/1794 1410/1793 1412/1795 1413/1796
f 1413/1796 1412/1795 1414/1797 1415/1798
f 1415/1798 1414/1797 1416/1762 1417/1761
f 1418/1799 1419/1800 1457/1801 1456/1802
f 1419/1803 1418/1804 1420/1805 1421/1806
f 1421/1807 1420/1805 1422/1808 1423/1809
f 1423/1810 1422/1808 1424/1811 1425/1812
f 1425/1813 1424/1811 1426/1814 1427/1815
f 1427/1816 1426/1814 1428/1817 1429/1818
f 1429/1819 1428/1817 1430/1820 1431/1821
f 1431/1822 1430/1820 1432/1823 1433/1824
f 1433/1825 1432/1823 1434/1826 1435/1827
f 1435/1828 1434/1826 1436/1829 1437/1830
f 1437/1831 1436/1829 1438/1832 1439/1833
f 1439/1834 1438/1832 1440/1835 1441/1836
f 1441/1837 1440/1835 1442/1838 1443/1839
f 1443/1840 1442/1838 1444/1841 1445/1842
f 1445/1843 1444/1841 1446/1844 1447/1845
f 1447/1846 1446/1844 1448/1847 1449/1848
f 1449/1849 1448/1847 1450/1850 1451/1851
f 1451/1852 1450/1850 1452/1853 1453/1854
f 1453/1855 1452/1853 1454/1856 1455/1857
f 1455/1858 1454/1856 1456/1802 1457/1859
f 1458/1860 1459/1861 1499/1862 1498/1863
f 1459/1861 1458/1860 1460/1864 1461/1865
f 1461/1865 1460/1864 1500/1866 1501/1867
f 1462/1868 1463/1869 1503/1870 1502/1871
f 1463/1869 1462/1868 1464/1872 1465/1873
f 1465/1873 1464/1872 1504/1874 1505/1875
f 1466/1876 1467/1877 1507/1878 1506/1879
f 1467/1877 1466/1876 1468/1880 1469/1881
f 1469/1881 1468/1880 1508/1882 1509/1883
f 1470/1884 1471/1885 1511/1886 1510/1887
f 1471/1885 1470/1884 1472/1888 1473/1889
f 1473/1889 1472/1888 1512/1890 1513/1891
f 1474/1892 1475/1893 1515/1894 1514/1895
f 1475/1893 1474/1892 1476/1896 1477/1897
f 1477/1897 1476/1896 1516/1898 1517/1899
f 1478/1900 1479/1901 1519/1902 1518/1903
f 1479/1901 1478/1900 1480/1904 1481/1905
f 1481/1905 1480/1904 1520/1906 1521/1907
f 1482/1908 1483/1909 1523/1910 1522/1911
f 1483/1909 1482/1908 1484/1912 1485/1913
f 1485/1913 1484/1912 1524/1914 1525/1915
f 1486/1916 1487/1917 1527/1918 1526/1919
f 1487/1917 1486/1916 1488/1920 1489/1921
f 1489/1921 1488/1920 1528/1922 1529/1923
f 1490/1924 1491/1925 1531/1926 1530/1927
f 1491/1925 1490/1924 1492/1928 1493/1929
f 1493/1929 1492/1928 1532/1930 1533/1931
f 1494/1932 1495/1933 1535/1934 1534/1935
f 1495/1933 1494/1932 1496/1936 1497/1937
f 1497/1937 1496/1936 1536/1938 1537/1939
f 1498/1863 1499/1862 1501/1867 1500/1866
f 1502/1871 1503/1870 1505/1875 1504/1874
f 1506/1879 1507/1878 1509/1883 1508/1882
f 1510/1887 1511/1886 1513/1891 1512/1890
f 1514/1895 1515/1894 1517/1899 1516/1898
f 1518/1903 1519/1902 1521/1907 1520/1906
f 1522/1911 1523/1910 1525/1915 1524/1914
f 1526/1919 1527/1918 1529/1923 1528/1922
f 1530/1927 1531/1926 1533/1931 1532/1930
f 1534/1935 1535/1934 1537/1939 1536/1938
f 1300/1683 1302/1687 1342/1690 1340/1685
f 1304/1691 1306/1695 1346/1698 1344/1693
f 1308/1699 1310/1703 1350/1706 1348/1701
f 1312/1707 1314/1711 1354/1714 1352/1709
f 1316/1715 1318/1719 1358/1722 1356/1717
f 1320/1723 1322/1727 1362/1730 1360/1725
f 1324/1731 1326/1735 1366/1738 1364/1733
f 1328/1739 1330/1743 1370/1746 1368/1741
f 1332/1747 1334/1751 1374/1754 1372/1749
f 1336/1755 1298/1679 1338/1682 1376/1757
f 1338/1682 1340/1685 1380/1763 1378/1759
f 1340/1685 1342/1690 1382/1765 1380/1763
f 1342/1690 1344/1693 1384/1767 1382/1765
f 1344/1693 1346/1698 1386/1769 1384/1767
f 1346/1698 1348/1701 1388/1771 1386/1769
f 1348/1701 1350/1706 1390/1773 1388/1771
f 1350/1706 1352/1709 1392/1775 1390/1773
f 1352/1709 1354/1714 1394/1777 1392/1775
f 1354/1714 1356/1717 1396/1779 1394/1777
f 1356/1717 1358/1722 1398/1781 1396/1779
f 1358/1722 1360/1725 1400/1783 1398/1781
f 1360/1725 1362/1730 1402/1785 1400/1783
f 1362/1730 1364/1733 1404/1787 1402/1785
f 1364/1733 1366/1738 1406/1789 1404/1787
f 1366/1738 1368/1741 1408/1791 1406/1789
f 1368/1741 1370/1746 1410/1793 1408/1791
f 1370/1746 1372/1749 1412/1795 1410/1793
f 1372/1749 1374/1754 1414/1797 1412/1795
f 1374/1754 1376/1757 1416/1762 1414/1797
f 1376/1757 1338/1682 1378/1759 1416/1762
f 1379/1940 1381/1941 1420/1805 1418/1804
f 1381/1941 1383/1942 1422/1808 1420/1805
f 1383/1942 1385/1943 1424/1811 1422/1808
f 1385/1943 1387/1944 1426/1814 1424/1811
f 1387/1944 1389/1945 1428/1817 1426/1814
f 1389/1945 1391/1946 1430/1820 1428/1817
f 1391/1946 1393/1947 1432/1823 1430/1820
f 1393/1947 1395/1948 1434/1826 1432/1823
f 1395/1948 1397/1949 1436/1829 1434/1826
f 1397/1949 1399/1950 1438/1832 1436/1829
f 1399/1950 1401/1951 1440/1835 1438/1832
f 1401/1951 1403/1952 1442/1838 1440/1835
f 1403/1952 1405/1953 1444/1841 1442/1838
f 1405/1953 1407/1954 1446/1844 1444/1841
f 1407/1954 1409/1955 1448/1847 1446/1844
f 1409/1955 1411/1956 1450/1850 1448/1847
f 1411/1956 1413/1957 1452/1853 1450/1850
f 1413/1957 1415/1958 1454/1856 1452/1853
f 1415/1958 1417/1959 1456/1802 1454/1856
f 1417/1959 1379/1960 1418/1799 1456/1802
f 1419/1961 1421/1962 1460/1864 1458/1860
f 1421/1962 1423/1963 1462/1868 1460/1864
f 1423/1963 1425/1964 1464/1872 1462/1868
f 1425/1964 1427/1965 1466/1876 1464/1872
f 1427/1965 1429/1966 1468/1880 1466/1876
f 1429/1966 1431/1967 1470/1884 1468/1880
f 1431/1967 1433/1968 1472/1888 1470/1884
f 1433/1968 1435/1969 1474/1892 1472/1888
f 1435/1969 1437/1970 1476/1896 1474/1892
f 1437/1970 1439/1971 1478/1900 1476/1896
f 1439/1971 1441/1972 1480/1904 1478/1900
f 1441/1972 1443/1973 1482/1908 1480/1904
f 1443/1973 1445/1974 1484/1912 1482/1908
f 1445/1974 1447/1975 1486/1916 1484/1912
f 1447/1975 1449/1976 1488/1920 1486/1916
f 1449/1976 1451/1977 1490/1924 1488/1920
f 1451/1977 1453/1978 1492/1928 1490/1924
f 1453/1978 1455/1979 1494/1932 1492/1928
f 1455/1979 1457/1980 1496/1936 1494/1932
f 1457/1980 1419/1961 1458/1860 1496/1936
f 1460/1864 1462/1868 1502/1871 1500/1866
f 1464/1872 1466/1876 1506/1879 1504/1874
f 1468/1880 1470/1884 1510/1887 1508/1882
f 1472/1888 1474/1892 1514/1895 1512/1890
f 1476/1896 1478/1900 1518/1903 1516/1898
f 1480/1904 1482/1908 1522/1911 1520/1906
f 1484/1912 1486/1916 1526/1919 1524/1914
f 1488/1920 1490/1924 1530/1927 1528/1922
f 1492/1928 1494/1932 1534/1935 1532/1930
f 1496/1936 1458/1860 1498/1863 1536/1938
f 1300/1683 1298/1679 1296/1981
f 1302/1687 1300/1683 1296/1981
f 1304/1691 1302/1687 1296/1981
f 1306/1695 1304/1691 1296/1981
f 1308/1699 1306/1695 1296/1981
f 1310/1703 1308/1699 1296/1981
f 1312/1707 1310/1703 1296/1981
f 1314/1711 1312/1707 1296/1981
f 1316/1715 1314/1711 1296/1981
f 1318/1719 1316/1715 1296/1981
f 1320/1723 1318/1719 1296/1981
f 1322/1727 1320/1723 1296/1981
f 1324/1731 1322/1727 1296/1981
f 1326/1735 1324/1731 1296/1981
f 1328/1739 1326/1735 1296/1981
f 1330/1743 1328/1739 1296/1981
f 1332/1747 1330/1743 1296/1981
f 1334/1751 1332/1747 1296/1981
f 1336/1755 1334/1751 1296/1981
f 1298/1679 1336/1755 1296/1981
f 1498/1863 1500/1866 1297/1982
f 1500/1866 1502/1871 1297/1982
f 1502/1871 1504/1874 1297/1982
f 1504/1874 1506/1879 1297/1982
f 1506/1879 1508/1882 1297/1982
f 1508/1882 1510/1887 1297/1982
f 1510/1887 1512/1890 1297/1982
f 1512/1890 1514/1895 1297/1982
f 1514/1895 1516/1898 1297/1982
f 1516/1898 1518/1903 1297/1982
f 1518/1903 1520/1906 1297/1982
f 1520/1906 1522/1911 1297/1982
f 1522/1911 1524/1914 1297/1982
f 1524/1914 1526/1919 1297/1982
f 1526/1919 1528/1922 1297/1982
f 1528/1922 1530/1927 1297/1982
f 1530/1927 1532/1930 1297/1982
f 1532/1930 1534/1935 1297/1982
f 1534/1935 1536/1938 1297/1982
f 1536/1938 1498/1863 1297/1982
f 1321/1724 1361/1726 1481/1905 1521/1907
f 1359/1721 1319/1720 1519/1902 1479/1901
f 1317/1716 1357/1718 1477/1897 1517/1899
f 1355/1713 1315/1712 1515/1894 1475/1893
f 1313/1708 1353/1710 1473/1889 1513/1891
f 1351/1705 1311/1704 1511/1886 1471/1885
f 1309/1700 1349/1702 1469/1881 1509/1883
f 1347/1697 1307/1696 1507/1878 1467/1877
f 1305/1692 1345/1694 1465/1873 1505/1875
f 1343/1689 1303/1688 1503/1870 1463/1869
f 1301/1684 1341/1686 1461/1865 1501/1867
f 1339/1681 1299/1680 1499/1862 1459/1861
f 1337/1756 1377/1758 1497/1937 1537/1939
f 1375/1753 1335/1752 1535/1934 1495/1933
f 1333/1748 1373/1750 1493/1929 1533/1931
f 1371/1745 1331/1744 1531/1926 1491/1925
f 1329/1740 1369/1742 1489/1921 1529/1923
f 1367/1737 1327/1736 1527/1918 1487/1917
f 1325/1732 1365/1734 1485/1913 1525/1915
f 1363/1729 1323/1728 1523/1910 1483/1909
f 1301/1684 1501/1867 1499/1862 1299/1680
f 1337/1756 1537/1939 1535/1934 1335/1752
f 1305/1692 1505/1875 1503/1870 1303/1688
f 1309/1700 1509/1883 1507/1878 1307/1696
f 1313/1708 1513/1891 1511/1886 1311/1704
f 1317/1716 1517/1899 1515/1894 1315/1712
f 1321/1724 1521/1907 1519/1902 1319/1720
f 1325/1732 1525/1915 1523/1910 1323/1728
f 1329/1740 1529/1923 1527/1918 1327/1736
f 1333/1748 1533/1931 1531/1926 1331/1744
f 1377/1758 1375/1753 1495/1933 1497/1937
f 1341/1686 1339/1681 1459/1861 1461/1865
f 1345/1694 1343/1689 1463/1869 1465/1873
f 1349/1702 1347/1697 1467/1877 1469/1881
f 1353/1710 1351/1705 1471/1885 1473/1889
f 1357/1718 1355/1713 1475/1893 1477/1897
f 1361/1726 1359/1721 1479/1901 1481/1905
f 1365/1734 1363/1729 1483/1909 1485/1913
f 1369/1742 1367/1737 1487/1917 1489/1921
f 1373/1750 1371/1745 1491/1925 1493/1929
usemtl blinn4SG
f 1540/1983 1541/1984 1543/1985 1542/1986
f 1541/1987 1540/1988 1562/1989 1563/1990
f 1542/1986 1543/1991 1545/1992 1544/1993
f 1544/1993 1545/1994 1547/1995 1546/1996
f 1546/1996 1547/1997 1549/1998 1548/1999
f 1548/1999 1549/2000 1551/2001 1550/2002
f 1550/2002 1551/2003 1553/2004 1552/2005
f 1552/2005 1553/2006 1555/2007 1554/2008
f 1554/2008 1555/2009 1557/2010 1556/2011
f 1556/2011 1557/2012 1559/2013 1558/2014
f 1558/2014 1559/2015 1561/2016 1560/2017
f 1560/2017 1561/2018 1563/2019 1562/1989
f 1564/2020 1565/2021 1587/2022 1586/2023
f 1565/2024 1564/2025 1566/2026 1567/2027
f 1567/2028 1566/2026 1568/2029 1569/2030
f 1569/2031 1568/2029 1570/2032 1571/2033
f 1571/2034 1570/2032 1572/2035 1573/2036
f 1573/2037 1572/2035 1574/2038 1575/2039
f 1575/2040 1574/2038 1576/2041 1577/2042
f 1577/2043 1576/2041 1578/2044 1579/2045
f 1579/2046 1578/2044 1580/2047 1581/2048
f 1581/2049 1580/2047 1582/2050 1583/2051
f 1583/2052 1582/2050 1584/2053 1585/2054
f 1585/2055 1584/2053 1586/2023 1587/2056
f 1540/1983 1542/1986 1566/2026 1564/2025
f 1542/1986 1544/1993 1568/2029 1566/2026
f 1544/1993 1546/1996 1570/2032 1568/2029
f 1546/1996 1548/1999 1572/2035 1570/2032
f 1548/1999 1550/2002 1574/2038 1572/2035
f 1550/2002 1552/2005 1576/2041 1574/2038
f 1552/2005 1554/2008 1578/2044 1576/2041
f 1554/2008 1556/2011 1580/2047 1578/2044
f 1556/2011 1558/2014 1582/2050 1580/2047
f 1558/2014 1560/2017 1584/2053 1582/2050
f 1560/2017 1562/1989 1586/2023 1584/2053
f 1562/1989 1540/1988 1564/2020 1586/2023
f 1543/2057 1541/2058 1538/2059
f 1545/2060 1543/2057 1538/2059
f 1547/2061 1545/2060 1538/2059
f 1549/2062 1547/2061 1538/2059
f 1551/2063 1549/2062 1538/2059
f 1553/2064 1551/2063 1538/2059
f 1555/2065 1553/2064 1538/2059
f 1557/2066 1555/2065 1538/2059
f 1559/2067 1557/2066 1538/2059
f 1561/2068 1559/2067 1538/2059
f 1563/2069 1561/2068 1538/2059
f 1541/2058 1563/2069 1538/2059
f 1565/2070 1567/2071 1539/2072
f 1567/2071 1569/2073 1539/2072
f 1569/2073 1571/2074 1539/2072
f 1571/2074 1573/2075 1539/2072
f 1573/2075 1575/2076 1539/2072
f 1575/2076 1577/2077 1539/2072
f 1577/2077 1579/2078 1539/2072
f 1579/2078 1581/2079 1539/2072
f 1581/2079 1583/2080 1539/2072
f 1583/2080 1585/2081 1539/2072
f 1585/2081 1587/2082 1539/2072
f 1587/2082 1565/2070 1539/2072
